Where_Enriched,Phylum,Class,Order,Family,Genus,Species,Taxonomy,log2FoldChange,padj
Terephthalamide,Proteobacteria,Gammaproteobacteria,Burkholderiales,Oxalobacteraceae,NA,NA,Unclassified Organism,-3.818583494723098,1.1443620175626236e-8
Terephthalate+Controls,Proteobacteria,Gammaproteobacteria,Burkholderiales,Comamonadaceae,Hydrogenophaga,NA,Hydrogenophaga ,3.6530574636108115,5.62585690101029e-10
Terephthalate+Controls,Proteobacteria,Gammaproteobacteria,Burkholderiales,Comamonadaceae,Hydrogenophaga,NA,Hydrogenophaga ,2.9578391987173056,2.6714952454632577e-6
Terephthalate+Controls,Proteobacteria,Gammaproteobacteria,Pseudomonadales,Pseudomonadaceae,Pseudomonas,NA,Pseudomonas ,3.4088927833419835,3.832636554259348e-9
Terephthalate+Controls,Actinobacteriota,Actinobacteria,Corynebacteriales,Nocardiaceae,Rhodococcus,rhodochrous,Rhodococcus rhodochrous,5.891173729749332,6.045737273333594e-28
Terephthalate+Controls,Actinobacteriota,Actinobacteria,Corynebacteriales,Nocardiaceae,Rhodococcus,ruber,Rhodococcus ruber,4.157990399712878,4.951823783529907e-14
Terephthalamide,Proteobacteria,Alphaproteobacteria,Rhizobiales,Xanthobacteraceae,Bradyrhizobium,elkanii,Bradyrhizobium elkanii,-2.551375652666032,9.779654800455503e-6
Terephthalamide,Proteobacteria,Gammaproteobacteria,Burkholderiales,Oxalobacteraceae,Noviherbaspirillum,NA,Noviherbaspirillum ,-4.350378058977193,8.545651245621777e-23
Terephthalate+Controls,Proteobacteria,Gammaproteobacteria,Burkholderiales,Comamonadaceae,Hydrogenophaga,NA,Hydrogenophaga ,3.037981198562008,3.801644856192099e-7
Terephthalamide,Proteobacteria,Gammaproteobacteria,Burkholderiales,Comamonadaceae,Variovorax,boronicumulans,Variovorax boronicumulans,-4.751975689394151,9.278621415096655e-19
Terephthalamide,Proteobacteria,Gammaproteobacteria,Burkholderiales,Comamonadaceae,Ramlibacter,NA,Ramlibacter ,-2.241313934299887,2.3801454575281538e-6
Terephthalate+Controls,Proteobacteria,Gammaproteobacteria,Burkholderiales,Alcaligenaceae,Achromobacter,NA,Achromobacter ,2.678710673082284,2.724883985430339e-6
Terephthalate+Controls,Proteobacteria,Gammaproteobacteria,Xanthomonadales,Xanthomonadaceae,Pseudoxanthomonas,mexicana,Pseudoxanthomonas mexicana,4.533749858500849,3.191142712477248e-20
Terephthalamide,Proteobacteria,Gammaproteobacteria,Burkholderiales,Alcaligenaceae,Eoetvoesia,NA,Eoetvoesia ,-9.688090425186184,5.468545186447102e-105
Terephthalate+Controls,Proteobacteria,Gammaproteobacteria,Burkholderiales,Nitrosomonadaceae,Nitrosomonas,oligotropha,Nitrosomonas oligotropha,2.4086781403030906,1.7106618272520792e-4
Terephthalate+Controls,Proteobacteria,Gammaproteobacteria,Burkholderiales,Comamonadaceae,Acidovorax,facilis,Acidovorax facilis,2.3123718238928923,2.815597961920484e-6
Terephthalamide,Proteobacteria,Gammaproteobacteria,Burkholderiales,Oxalobacteraceae,NA,NA,Unclassified Organism,-3.9472108380711877,3.321096873841411e-17
Terephthalate+Controls,Proteobacteria,Gammaproteobacteria,Burkholderiales,Alcaligenaceae,Bordetella,hinzii,Bordetella hinzii,2.68394578476603,2.171067472267982e-6
Terephthalate+Controls,Verrucomicrobiota,Verrucomicrobiae,Opitutales,Opitutaceae,Lacunisphaera,NA,Lacunisphaera ,3.8021847846221033,4.212465409171984e-12
Terephthalamide,Proteobacteria,Gammaproteobacteria,Burkholderiales,Oxalobacteraceae,NA,NA,Unclassified Organism,-6.320461011632061,2.169930288764515e-56
Terephthalate+Controls,Bacteroidota,Bacteroidia,Chitinophagales,Saprospiraceae,NA,NA,Unclassified Organism,4.169691916125017,3.253282149520417e-17
Terephthalate+Controls,Proteobacteria,Alphaproteobacteria,Caulobacterales,Caulobacteraceae,Brevundimonas,bullata,Brevundimonas bullata,3.8746545128471808,4.492023406259312e-15
Terephthalate+Controls,Proteobacteria,Alphaproteobacteria,Caulobacterales,Hyphomonadaceae,SWB02,NA,SWB02 ,2.232411074517367,2.171067472267982e-6
Terephthalate+Controls,Proteobacteria,Alphaproteobacteria,Rhizobiales,Xanthobacteraceae,NA,NA,Unclassified Organism,3.5801116374893946,5.1882486081602234e-15
Terephthalate+Controls,Proteobacteria,Alphaproteobacteria,Rhizobiales,Rhizobiaceae,Aminobacter,aminovorans,Aminobacter aminovorans,2.673450244876353,6.168785953449218e-8
Terephthalate+Controls,Proteobacteria,Alphaproteobacteria,Caulobacterales,Caulobacteraceae,Caulobacter,NA,Caulobacter ,2.146071345596238,3.2448784180652276e-5
Terephthalamide,Proteobacteria,Gammaproteobacteria,Burkholderiales,Comamonadaceae,Acidovorax,delafieldii,Acidovorax delafieldii,-2.688474359772111,3.926001973424324e-8
Terephthalamide,Proteobacteria,Gammaproteobacteria,Pseudomonadales,Moraxellaceae,NA,NA,Unclassified Organism,-2.9944507804584353,1.3041404780860977e-9
Terephthalate+Controls,Bacteroidota,Bacteroidia,Chitinophagales,Chitinophagaceae,Lacibacter,NA,Lacibacter ,2.353010650733516,1.8561801333734273e-5
Terephthalate+Controls,Proteobacteria,Gammaproteobacteria,Burkholderiales,Comamonadaceae,Hydrogenophaga,NA,Hydrogenophaga ,3.4035024224435015,2.7493317081832483e-14
Terephthalate+Controls,Proteobacteria,Alphaproteobacteria,Rhizobiales,Rhizobiaceae,Mesorhizobium,NA,Mesorhizobium ,5.29491813046418,1.0947323052238368e-25
Terephthalate+Controls,Proteobacteria,Gammaproteobacteria,Xanthomonadales,Xanthomonadaceae,Luteimonas,NA,Luteimonas ,2.466257522530895,4.5758791697527847e-7
Terephthalate+Controls,Bacteroidota,Bacteroidia,Cytophagales,Spirosomaceae,Leadbetterella,NA,Leadbetterella ,3.234703202502666,1.1814334888248687e-9
Terephthalamide,Proteobacteria,Gammaproteobacteria,Burkholderiales,Comamonadaceae,NA,NA,Unclassified Organism,-6.027358617180818,6.195389782687652e-37
Terephthalate+Controls,Bacteroidota,Bacteroidia,Chitinophagales,Chitinophagaceae,Lacibacter,NA,Lacibacter ,2.996409099178603,1.0051235947709633e-8
Terephthalate+Controls,Proteobacteria,Gammaproteobacteria,Xanthomonadales,Xanthomonadaceae,Arenimonas,composti,Arenimonas composti,2.076683284419909,6.154283199676254e-5
Terephthalate+Controls,Proteobacteria,Gammaproteobacteria,Burkholderiales,Comamonadaceae,Methylibium,NA,Methylibium ,3.269166665460824,1.5196431567698022e-12
Terephthalate+Controls,Proteobacteria,Alphaproteobacteria,Sphingomonadales,Sphingomonadaceae,Sphingobium,xenophagum,Sphingobium xenophagum,3.416763594345955,7.200120152482191e-15
Terephthalamide,Proteobacteria,Gammaproteobacteria,Burkholderiales,Comamonadaceae,NA,NA,Unclassified Organism,-3.34764260221613,6.335267273374671e-13
Terephthalamide,Proteobacteria,Alphaproteobacteria,Sphingomonadales,Sphingomonadaceae,Ellin6055,NA,Ellin6055 ,-5.693496325574057,7.051578976490549e-38
Terephthalamide,Proteobacteria,Gammaproteobacteria,Pseudomonadales,Pseudomonadaceae,Pseudomonas,frederiksbergensis,Pseudomonas frederiksbergensis,-3.0094517799853993,5.949565316246405e-8
Terephthalate+Controls,Proteobacteria,Gammaproteobacteria,Burkholderiales,Comamonadaceae,Hydrogenophaga,NA,Hydrogenophaga ,5.096630871867212,3.029123902319219e-26
Terephthalamide,Actinobacteriota,Actinobacteria,Micrococcales,Micrococcaceae,Arthrobacter,crystallopoietes,Arthrobacter crystallopoietes,-5.744221894297837,6.616648644307604e-51
Terephthalate+Controls,Actinobacteriota,Actinobacteria,Corynebacteriales,Nocardiaceae,Rhodococcus,opacus,Rhodococcus opacus,3.119638260109384,8.404811542307344e-11
Terephthalate+Controls,Proteobacteria,Gammaproteobacteria,Burkholderiales,Rhodocyclaceae,Methyloversatilis,NA,Methyloversatilis ,4.142096596688658,1.163680062480192e-17
Terephthalate+Controls,Proteobacteria,Alphaproteobacteria,Caulobacterales,Caulobacteraceae,Brevundimonas,diminuta,Brevundimonas diminuta,4.7031149924256,8.033969042844777e-25
Terephthalate+Controls,Proteobacteria,Gammaproteobacteria,Burkholderiales,Methylophilaceae,Methylotenera,NA,Methylotenera ,3.783410662260922,3.499201513082753e-16
Terephthalate+Controls,Actinobacteriota,Actinobacteria,Micrococcales,Microbacteriaceae,Microbacterium,arborescens,Microbacterium arborescens,4.332724380573364,2.6842590475082554e-20
Terephthalate+Controls,Proteobacteria,Alphaproteobacteria,Caulobacterales,Caulobacteraceae,Brevundimonas,olei,Brevundimonas olei,2.939994724139824,1.8616587548341848e-11
Terephthalate+Controls,Proteobacteria,Gammaproteobacteria,Burkholderiales,Comamonadaceae,Hydrogenophaga,NA,Hydrogenophaga ,4.265064334941803,4.8950360064269243e-20
Terephthalate+Controls,Firmicutes,Bacilli,Bacillales,Bacillaceae,Bacillus,horti,Bacillus horti,3.499647203239155,3.565777923116024e-15
Terephthalate+Controls,Proteobacteria,Gammaproteobacteria,Burkholderiales,Comamonadaceae,Rhizobacter,NA,Rhizobacter ,2.3275077009174363,1.2414502892317655e-6
Terephthalate+Controls,Bacteroidota,Bacteroidia,Chitinophagales,Chitinophagaceae,Ferruginibacter,NA,Ferruginibacter ,4.060886223211639,5.3228267136112685e-19
Terephthalate+Controls,Proteobacteria,Gammaproteobacteria,Xanthomonadales,Rhodanobacteraceae,Aquimonas,NA,Aquimonas ,3.295438686687533,1.2726377114770724e-12
Terephthalamide,Proteobacteria,Alphaproteobacteria,Rhizobiales,Rhizobiaceae,Mesorhizobium,NA,Mesorhizobium ,-3.5054043086142146,4.937975599502303e-21
Terephthalamide,Proteobacteria,Gammaproteobacteria,Burkholderiales,Comamonadaceae,NA,NA,Unclassified Organism,-3.929633007304686,5.4309404921035184e-30
Terephthalamide,Proteobacteria,Gammaproteobacteria,Burkholderiales,Comamonadaceae,NA,NA,Unclassified Organism,-2.3849901636088555,6.851603970990579e-15
Terephthalate+Controls,Proteobacteria,Gammaproteobacteria,Xanthomonadales,Rhodanobacteraceae,NA,NA,Unclassified Organism,3.082305250432084,1.0081194216478775e-13
Terephthalate+Controls,Proteobacteria,Gammaproteobacteria,Burkholderiales,Comamonadaceae,Hydrogenophaga,NA,Hydrogenophaga ,3.525998616909121,2.7278763804392047e-13
Terephthalate+Controls,Proteobacteria,Alphaproteobacteria,Rhizobiales,Rhizobiaceae,Aminobacter,NA,Aminobacter ,3.918270647793371,3.2784557730897047e-17
Terephthalamide,Proteobacteria,Alphaproteobacteria,Rhizobiales,Xanthobacteraceae,Pseudorhodoplanes,NA,Pseudorhodoplanes ,-2.132539242552518,2.1565476088487907e-9
Terephthalamide,Proteobacteria,Alphaproteobacteria,Rhizobiales,Rhizobiaceae,Mesorhizobium,NA,Mesorhizobium ,-4.483580673547971,1.217976587527099e-34
Terephthalate+Controls,Actinobacteriota,Actinobacteria,Micrococcales,Microbacteriaceae,NA,NA,Unclassified Organism,4.08837629444839,4.36102820538474e-19
Terephthalate+Controls,Proteobacteria,Alphaproteobacteria,Reyranellales,Reyranellaceae,Reyranella,NA,Reyranella ,2.715298399312839,2.481333991235218e-10
Terephthalate+Controls,Proteobacteria,Alphaproteobacteria,Rhizobiales,Rhizobiaceae,NA,NA,Unclassified Organism,3.807747677372883,1.8649853183105988e-17
Terephthalate+Controls,Proteobacteria,Alphaproteobacteria,Caulobacterales,Hyphomonadaceae,SWB02,NA,SWB02 ,3.4590129713916054,5.6724081150125456e-14
Terephthalate+Controls,Firmicutes,Bacilli,Paenibacillales,Paenibacillaceae,Paenibacillus,agaridevorans,Paenibacillus agaridevorans,2.48872399422481,1.5782958439333387e-8
Terephthalate+Controls,Proteobacteria,Alphaproteobacteria,Reyranellales,Reyranellaceae,NA,NA,Unclassified Organism,3.7288808309045343,5.249162766683954e-16
Terephthalamide,Bacteroidota,Bacteroidia,Chitinophagales,Chitinophagaceae,Edaphobaculum,NA,Edaphobaculum ,-2.0303199678170625,7.557949175553913e-7
Terephthalamide,Proteobacteria,Gammaproteobacteria,Burkholderiales,Oxalobacteraceae,Noviherbaspirillum,NA,Noviherbaspirillum ,-3.7285496235923232,4.74659442493909e-27
Terephthalamide,Bacteroidota,Bacteroidia,Chitinophagales,Chitinophagaceae,Terrimonas,NA,Terrimonas ,-2.297368179746564,2.7994281847882107e-14
Terephthalate+Controls,Bacteroidota,Bacteroidia,Cytophagales,Cytophagaceae,Sporocytophaga,NA,Sporocytophaga ,2.356224610754276,6.088105084104633e-9
Terephthalate+Controls,Proteobacteria,Alphaproteobacteria,Rhizobiales,Devosiaceae,Devosia,riboflavina,Devosia riboflavina,2.7143487918079177,4.1846450802013186e-11
Terephthalate+Controls,Proteobacteria,Gammaproteobacteria,Legionellales,Legionellaceae,Legionella,NA,Legionella ,2.6132186347850053,4.656835321644337e-9
Terephthalate+Controls,Proteobacteria,Gammaproteobacteria,Burkholderiales,Alcaligenaceae,Advenella,kashmirensis,Advenella kashmirensis,2.134107600854528,6.69745664336149e-8
Terephthalate+Controls,Proteobacteria,Gammaproteobacteria,Pseudomonadales,Pseudomonadaceae,Pseudomonas,mendocina,Pseudomonas mendocina,3.1956977553417776,5.806870168977454e-13
Terephthalate+Controls,Bacteroidota,Bacteroidia,Chitinophagales,Chitinophagaceae,Ferruginibacter,NA,Ferruginibacter ,2.9156600488671716,3.2029060812079532e-12
Terephthalate+Controls,Proteobacteria,Alphaproteobacteria,Rhizobiales,Devosiaceae,Pelagibacterium,NA,Pelagibacterium ,2.952943185388102,5.286479670723424e-12
Terephthalate+Controls,Proteobacteria,Alphaproteobacteria,Caulobacterales,Hyphomonadaceae,SWB02,NA,SWB02 ,3.4902956159110308,1.131980372473019e-15
Terephthalamide,Bacteroidota,Bacteroidia,Chitinophagales,Chitinophagaceae,Taibaiella,NA,Taibaiella ,-2.727423298070781,4.230272404292654e-18
Terephthalate+Controls,Proteobacteria,Alphaproteobacteria,Rhizobiales,Rhizobiaceae,Chelativorans,NA,Chelativorans ,2.5512826761645084,1.0749564022620733e-8
Terephthalamide,Proteobacteria,Alphaproteobacteria,Rhizobiales,Rhizobiaceae,Hoeflea,NA,Hoeflea ,-4.865504568735567,2.1953018695078243e-30
Terephthalate+Controls,Proteobacteria,Alphaproteobacteria,Caulobacterales,Hyphomonadaceae,Hirschia,NA,Hirschia ,2.1280177784399337,5.8559634736387474e-8
Terephthalate+Controls,Actinobacteriota,Actinobacteria,Propionibacteriales,Nocardioidaceae,Aeromicrobium,NA,Aeromicrobium ,2.3814620443627312,2.0868958539367256e-9
Terephthalate+Controls,Proteobacteria,Alphaproteobacteria,Rhizobiales,Hyphomicrobiaceae,Hyphomicrobium,NA,Hyphomicrobium ,2.384049743508149,4.861582285330603e-9
Terephthalate+Controls,Chloroflexi,Anaerolineae,Anaerolineales,Anaerolineaceae,NA,NA,Unclassified Organism,2.1127354840537413,3.06870977872864e-7
Terephthalate+Controls,Proteobacteria,Alphaproteobacteria,Rhizobiales,Rhizobiaceae,Mesorhizobium,NA,Mesorhizobium ,3.872326658354754,1.1068928696691178e-18
Terephthalamide,Proteobacteria,Alphaproteobacteria,Rhizobiales,Hyphomicrobiaceae,Hyphomicrobium,denitrificans,Hyphomicrobium denitrificans,-2.355699334663816,9.443230261355068e-7
Terephthalate+Controls,Bacteroidota,Bacteroidia,Flavobacteriales,Weeksellaceae,Moheibacter,NA,Moheibacter ,3.5894689107450946,8.448778821748273e-17
Terephthalate+Controls,Actinobacteriota,Actinobacteria,Propionibacteriales,Nocardioidaceae,Aeromicrobium,NA,Aeromicrobium ,2.4211921870043214,1.7075276650315533e-9
Terephthalate+Controls,Proteobacteria,Gammaproteobacteria,Xanthomonadales,Rhodanobacteraceae,Pseudofulvimonas,NA,Pseudofulvimonas ,3.6915947591229648,4.562260346340057e-17
Terephthalate+Controls,Proteobacteria,Gammaproteobacteria,Burkholderiales,Rhodocyclaceae,Zoogloea,NA,Zoogloea ,2.4046300656234783,3.799187983450077e-9
Terephthalate+Controls,Proteobacteria,Alphaproteobacteria,Rhizobiales,Rhizobiaceae,Brucella,melitensis,Brucella melitensis,2.463678860438048,8.569914809975728e-10
Terephthalate+Controls,Proteobacteria,Alphaproteobacteria,Rhizobiales,Rhizobiaceae,Aminobacter,NA,Aminobacter ,2.9783347820294024,7.567949798264256e-13
Terephthalate+Controls,Proteobacteria,Alphaproteobacteria,Sphingomonadales,Sphingomonadaceae,Sphingobium,NA,Sphingobium ,3.1734468600452312,1.0081194216478775e-13
Terephthalate+Controls,Proteobacteria,Gammaproteobacteria,Burkholderiales,Comamonadaceae,NA,NA,Unclassified Organism,3.66227000949504,5.0264960215201054e-17
Terephthalate+Controls,Proteobacteria,Alphaproteobacteria,Rhizobiales,Rhizobiaceae,Mesorhizobium,NA,Mesorhizobium ,3.508091872276583,4.571118816376028e-16
Terephthalate+Controls,Gemmatimonadota,Gemmatimonadetes,Gemmatimonadales,Gemmatimonadaceae,Gemmatimonas,NA,Gemmatimonas ,2.450220259134224,1.0280940016241393e-9
Terephthalate+Controls,Firmicutes,Bacilli,Paenibacillales,Paenibacillaceae,Paenibacillus,hemerocallicola,Paenibacillus hemerocallicola,2.0956875538854844,8.067576787746073e-8
Terephthalate+Controls,Proteobacteria,Alphaproteobacteria,Rhizobiales,Hyphomicrobiaceae,Hyphomicrobium,facile,Hyphomicrobium facile,2.7738867988542086,1.7930422206836765e-11
Terephthalate+Controls,Actinobacteriota,Actinobacteria,Corynebacteriales,Nocardiaceae,Rhodococcus,jostii,Rhodococcus jostii,2.0283756136267113,6.213070117967367e-7
Terephthalate+Controls,Proteobacteria,Alphaproteobacteria,Rhizobiales,Xanthobacteraceae,Nitrobacter,NA,Nitrobacter ,2.8171590278224827,2.339412733508535e-11
Terephthalate+Controls,Proteobacteria,Alphaproteobacteria,Rhizobiales,Xanthobacteraceae,Xanthobacter,autotrophicus,Xanthobacter autotrophicus,2.5781493403899423,2.135478077507163e-10
Terephthalate+Controls,Proteobacteria,Gammaproteobacteria,Xanthomonadales,Xanthomonadaceae,Luteimonas,NA,Luteimonas ,2.6935344397518386,2.1528866491904098e-10
Terephthalate+Controls,Proteobacteria,Alphaproteobacteria,Caulobacterales,Caulobacteraceae,Brevundimonas,NA,Brevundimonas ,2.4994706786649283,2.334852713870514e-9
Terephthalamide,Actinobacteriota,Actinobacteria,Propionibacteriales,Nocardioidaceae,Marmoricola,NA,Marmoricola ,-2.1708743289967667,2.0947622454472355e-6
Terephthalate+Controls,Proteobacteria,Alphaproteobacteria,Rhodobacterales,Rhodobacteraceae,NA,NA,Unclassified Organism,2.6789798284128903,3.2062003781591877e-10
Terephthalamide,Proteobacteria,Gammaproteobacteria,Burkholderiales,Comamonadaceae,Caenimonas,NA,Caenimonas ,-2.9348897462541266,1.1902395274467582e-14
Terephthalamide,Bacteroidota,Bacteroidia,Chitinophagales,Chitinophagaceae,Sediminibacterium,NA,Sediminibacterium ,-3.2684951568677705,1.7983332321609067e-22
Terephthalamide,Bacteroidota,Bacteroidia,Chitinophagales,Chitinophagaceae,Niabella,NA,Niabella ,-3.07617454870344,1.6168132760919084e-21
Terephthalamide,Proteobacteria,Gammaproteobacteria,Burkholderiales,Comamonadaceae,Caenimonas,NA,Caenimonas ,-2.240040817929457,2.1885640697152457e-6
Terephthalate+Controls,Proteobacteria,Gammaproteobacteria,Burkholderiales,TRA3-20,NA,NA,Unclassified Organism,2.3346095038492427,5.4230625945185835e-9
Terephthalamide,Bacteroidota,Bacteroidia,Chitinophagales,Chitinophagaceae,NA,NA,Unclassified Organism,-3.0274487344874275,6.036172243873202e-21
Terephthalate+Controls,Bacteroidota,Bacteroidia,Chitinophagales,Chitinophagaceae,Edaphobaculum,NA,Edaphobaculum ,2.0898761934326333,5.9097078000240175e-8
Terephthalate+Controls,Deinococcota,Deinococci,Deinococcales,Trueperaceae,Truepera,NA,Truepera ,3.483275613651595,8.37685978638173e-15
Terephthalamide,Actinobacteriota,Actinobacteria,Propionibacteriales,Nocardioidaceae,Aeromicrobium,NA,Aeromicrobium ,-3.3676622137505143,1.549419127428994e-21
Terephthalate+Controls,Proteobacteria,Alphaproteobacteria,Caulobacterales,Caulobacteraceae,Phenylobacterium,NA,Phenylobacterium ,2.782678847827514,1.4025996514127487e-12
Terephthalamide,Bacteroidota,Bacteroidia,Sphingobacteriales,Sphingobacteriaceae,Pedobacter,NA,Pedobacter ,-2.4318765266269016,7.372912769386951e-16
Terephthalate+Controls,Proteobacteria,Alphaproteobacteria,Caulobacterales,Hyphomonadaceae,Hyphomonas,NA,Hyphomonas ,2.24297117791623,4.7408615408764645e-8
Terephthalate+Controls,Proteobacteria,Alphaproteobacteria,Rhizobiales,Xanthobacteraceae,Rhodopseudomonas,palustris,Rhodopseudomonas palustris,2.2675268150812755,1.3001242954234553e-8
Terephthalamide,Proteobacteria,Gammaproteobacteria,Burkholderiales,Comamonadaceae,Xylophilus,NA,Xylophilus ,-2.680445004543226,5.758128399345271e-10
Terephthalate+Controls,Proteobacteria,Alphaproteobacteria,Rhizobiales,Beijerinckiaceae,Bosea,NA,Bosea ,2.4276657972790168,6.3842284211159626e-9
Terephthalate+Controls,Proteobacteria,Alphaproteobacteria,Caulobacterales,Caulobacteraceae,Brevundimonas,abyssalis,Brevundimonas abyssalis,3.3452886391857337,3.966496510822414e-15
Terephthalamide,Proteobacteria,Alphaproteobacteria,Parvibaculales,Parvibaculaceae,Parvibaculum,NA,Parvibaculum ,-2.723794236919523,2.2261301197174417e-19
Terephthalate+Controls,Proteobacteria,Gammaproteobacteria,Burkholderiales,Rhodocyclaceae,Zoogloea,NA,Zoogloea ,2.246799358972793,1.2672824710894166e-8
Terephthalamide,Bacteroidota,Bacteroidia,Chitinophagales,Chitinophagaceae,Flavitalea,NA,Flavitalea ,-2.7454259551268123,1.0997913641547128e-18
Terephthalate+Controls,Proteobacteria,Alphaproteobacteria,Rhizobiales,Hyphomicrobiaceae,Hyphomicrobium,facile,Hyphomicrobium facile,2.820566671583315,6.889713205400822e-12
Terephthalate+Controls,Proteobacteria,Alphaproteobacteria,Caulobacterales,Caulobacteraceae,NA,NA,Unclassified Organism,2.101123736160286,6.356182885070302e-8
Terephthalamide,Proteobacteria,Alphaproteobacteria,Sphingomonadales,Sphingomonadaceae,Novosphingobium,aromaticivorans,Novosphingobium aromaticivorans,-2.1424094767206983,5.599729672657696e-12
Terephthalate+Controls,Proteobacteria,Alphaproteobacteria,Rhizobiales,Rhizobiaceae,Mesorhizobium,mediterraneum,Mesorhizobium mediterraneum,2.704620157961187,2.301259831933849e-11
Terephthalate+Controls,Proteobacteria,Alphaproteobacteria,Rhodobacterales,Rhodobacteraceae,Rhodobacter,NA,Rhodobacter ,2.3073606357642094,1.4917546760743794e-8
Terephthalate+Controls,Bacteroidota,Bacteroidia,Sphingobacteriales,Sphingobacteriaceae,Parapedobacter,NA,Parapedobacter ,3.0743507969790564,3.553413671315705e-13
Terephthalamide,Bacteroidota,Bacteroidia,Chitinophagales,Chitinophagaceae,Terrimonas,NA,Terrimonas ,-2.8389497724325388,1.513608749780422e-18
Terephthalate+Controls,Proteobacteria,Alphaproteobacteria,Caulobacterales,Caulobacteraceae,Caulobacter,NA,Caulobacter ,2.911118345811209,7.567949798264256e-13
Terephthalate+Controls,Proteobacteria,Alphaproteobacteria,Rhizobiales,Devosiaceae,NA,NA,Unclassified Organism,3.1041153639591212,2.521776100639209e-13
Terephthalate+Controls,Proteobacteria,Alphaproteobacteria,Rhizobiales,Rhizobiaceae,NA,NA,Unclassified Organism,2.3002215386336005,4.914899984316004e-9
Terephthalate+Controls,Bacteroidota,Bacteroidia,Sphingobacteriales,Sphingobacteriaceae,Parapedobacter,NA,Parapedobacter ,2.4783701259306614,5.914033890474691e-10
Terephthalate+Controls,Bacteroidota,Bacteroidia,Cytophagales,Spirosomaceae,Persicitalea,NA,Persicitalea ,2.2655584817556087,3.2787868671778896e-9
Terephthalate+Controls,Proteobacteria,Gammaproteobacteria,Burkholderiales,Comamonadaceae,Acidovorax,delafieldii,Acidovorax delafieldii,3.4697455976985734,3.5854724117270246e-16
Terephthalate+Controls,Firmicutes,Bacilli,Paenibacillales,Paenibacillaceae,Cohnella,NA,Cohnella ,2.22884748915286,5.268519164297952e-9
Terephthalate+Controls,Proteobacteria,Alphaproteobacteria,Parvibaculales,Parvibaculaceae,Parvibaculum,NA,Parvibaculum ,2.2804407756010403,3.893052164174602e-8
Terephthalate+Controls,Proteobacteria,Gammaproteobacteria,Pseudomonadales,Pseudomonadaceae,Pseudomonas,anguilliseptica,Pseudomonas anguilliseptica,2.352072188647909,1.7287755950549345e-9
Terephthalate+Controls,Proteobacteria,Alphaproteobacteria,Rhizobiales,Xanthobacteraceae,NA,NA,Unclassified Organism,2.2498641833231745,6.3842284211159626e-9
Terephthalate+Controls,Proteobacteria,Gammaproteobacteria,Salinisphaerales,Solimonadaceae,NA,NA,Unclassified Organism,2.4651945310021586,4.855030413470981e-10
Terephthalate+Controls,Firmicutes,Bacilli,Paenibacillales,Paenibacillaceae,Paenibacillus,populi,Paenibacillus populi,2.201798223669599,1.7286359278028207e-8
Terephthalate+Controls,Proteobacteria,Alphaproteobacteria,Rhizobiales,Rhizobiales Incertae Sedis,Bauldia,NA,Bauldia ,2.0052308676555293,4.7001592125324993e-7
Terephthalamide,Proteobacteria,Gammaproteobacteria,Burkholderiales,Nitrosomonadaceae,Nitrosomonas,nitrosa,Nitrosomonas nitrosa,-3.1112222965426386,9.278621415096655e-19
Terephthalate+Controls,Gemmatimonadota,Gemmatimonadetes,Gemmatimonadales,Gemmatimonadaceae,Gemmatimonas,NA,Gemmatimonas ,2.8455765257925973,1.490119225367414e-12
Terephthalamide,Proteobacteria,Alphaproteobacteria,Sphingomonadales,Sphingomonadaceae,Novosphingobium,NA,Novosphingobium ,-2.2686553302473427,1.3974274995814573e-12
Terephthalamide,Firmicutes,Bacilli,Brevibacillales,Brevibacillaceae,Brevibacillus,NA,Brevibacillus ,-2.090729699514704,1.3337489956727933e-12
Terephthalamide,Proteobacteria,Gammaproteobacteria,Burkholderiales,Nitrosomonadaceae,Nitrosomonas,ureae,Nitrosomonas ureae,-2.052433146877212,2.2327336245638613e-10
Terephthalamide,Proteobacteria,Alphaproteobacteria,Rhizobiales,Devosiaceae,Arsenicitalea,NA,Arsenicitalea ,-4.0872229243132505,2.037576724738609e-35
Terephthalate+Controls,Proteobacteria,Alphaproteobacteria,Rhizobiales,Xanthobacteraceae,Bradyrhizobium,NA,Bradyrhizobium ,2.0467881244028456,5.606293902197035e-8
Terephthalate+Controls,Bacteroidota,Bacteroidia,Sphingobacteriales,Sphingobacteriaceae,Parapedobacter,NA,Parapedobacter ,2.0955115590265416,4.9909317121325954e-8
Terephthalamide,Proteobacteria,Gammaproteobacteria,Steroidobacterales,Steroidobacteraceae,Steroidobacter,NA,Steroidobacter ,-2.1650656977604092,5.6724081150125456e-14
Terephthalamide,Proteobacteria,Alphaproteobacteria,Acetobacterales,Acetobacteraceae,Roseomonas,NA,Roseomonas ,-2.072716960184982,2.493631724815616e-12
Terephthalamide,Proteobacteria,Gammaproteobacteria,Burkholderiales,Comamonadaceae,Aquabacterium,NA,Aquabacterium ,-2.645772106611922,1.2554228251782757e-18
Terephthalate+Controls,Proteobacteria,Alphaproteobacteria,Caulobacterales,Hyphomonadaceae,SWB02,NA,SWB02 ,2.2849769879911364,1.2159716329763583e-9
Terephthalamide+Controls,Proteobacteria,Gammaproteobacteria,Burkholderiales,Oxalobacteraceae,NA,NA,Unclassified Organism,5.165233511888967,5.528558250622476e-19
Terephthalate,Proteobacteria,Gammaproteobacteria,Burkholderiales,Comamonadaceae,Hydrogenophaga,NA,Hydrogenophaga ,-3.3502649537923097,2.2995786923186784e-9
Terephthalate,Proteobacteria,Gammaproteobacteria,Burkholderiales,Comamonadaceae,Hydrogenophaga,NA,Hydrogenophaga ,-2.8170759651578154,3.89312370924214e-6
Terephthalate,Proteobacteria,Gammaproteobacteria,Pseudomonadales,Pseudomonadaceae,Pseudomonas,NA,Pseudomonas ,-2.4370102950256087,2.8445081753944187e-5
Terephthalate,Actinobacteriota,Actinobacteria,Corynebacteriales,Nocardiaceae,Rhodococcus,rhodochrous,Rhodococcus rhodochrous,-2.9496558540350164,2.137490947333856e-6
Terephthalamide+Controls,Proteobacteria,Gammaproteobacteria,Pseudomonadales,Pseudomonadaceae,Pseudomonas,yamanorum,Pseudomonas yamanorum,5.025306310365825,1.4953046126816368e-21
Terephthalate,Actinobacteriota,Actinobacteria,Corynebacteriales,Nocardiaceae,Rhodococcus,ruber,Rhodococcus ruber,-6.371821177037637,1.5749105019596266e-31
Terephthalamide+Controls,Proteobacteria,Alphaproteobacteria,Rhizobiales,Xanthobacteraceae,Bradyrhizobium,elkanii,Bradyrhizobium elkanii,6.117224941095732,3.395044181209923e-36
Terephthalamide+Controls,Proteobacteria,Gammaproteobacteria,Burkholderiales,Oxalobacteraceae,Noviherbaspirillum,NA,Noviherbaspirillum ,5.343308441411777,2.6167640995289067e-26
Terephthalamide+Controls,Firmicutes,Bacilli,Paenibacillales,Paenibacillaceae,Paenibacillus,NA,Paenibacillus ,2.6348889121460775,7.191087791076814e-11
Terephthalamide+Controls,Proteobacteria,Gammaproteobacteria,Burkholderiales,Comamonadaceae,Variovorax,boronicumulans,Variovorax boronicumulans,3.3840770439008327,6.772673022893559e-11
Terephthalamide+Controls,Proteobacteria,Gammaproteobacteria,Burkholderiales,Comamonadaceae,Ramlibacter,NA,Ramlibacter ,3.8418817622746495,5.254730111807843e-17
Terephthalamide+Controls,Proteobacteria,Alphaproteobacteria,Rhizobiales,Xanthobacteraceae,Nitrobacter,NA,Nitrobacter ,8.201950249664803,2.4412567777902223e-55
Terephthalate,Proteobacteria,Gammaproteobacteria,Burkholderiales,Alcaligenaceae,Achromobacter,NA,Achromobacter ,-5.034876896615863,5.715121489147987e-23
Terephthalate,Proteobacteria,Gammaproteobacteria,Xanthomonadales,Xanthomonadaceae,Pseudoxanthomonas,mexicana,Pseudoxanthomonas mexicana,-3.459104263104412,5.945285648436583e-14
Terephthalamide+Controls,Proteobacteria,Gammaproteobacteria,Burkholderiales,Alcaligenaceae,Eoetvoesia,NA,Eoetvoesia ,6.569593230443757,1.7950078018963077e-36
Terephthalamide+Controls,Actinobacteriota,Actinobacteria,Micrococcales,Micrococcaceae,Arthrobacter,alpinus,Arthrobacter alpinus,3.2312217939026193,2.308808144478327e-9
Terephthalamide+Controls,Proteobacteria,Gammaproteobacteria,Burkholderiales,Nitrosomonadaceae,Nitrosomonas,oligotropha,Nitrosomonas oligotropha,8.614887704748014,1.2795687178611711e-59
Terephthalate,Proteobacteria,Gammaproteobacteria,Burkholderiales,Comamonadaceae,Acidovorax,facilis,Acidovorax facilis,-5.092513939788748,2.778838553598528e-26
Terephthalamide+Controls,Proteobacteria,Gammaproteobacteria,Burkholderiales,Comamonadaceae,Aquabacterium,NA,Aquabacterium ,6.864995233383659,1.4383543286296882e-42
Terephthalamide+Controls,Proteobacteria,Gammaproteobacteria,Burkholderiales,Oxalobacteraceae,NA,NA,Unclassified Organism,3.998261074587855,2.2082661992922894e-16
Terephthalamide+Controls,Proteobacteria,Alphaproteobacteria,Rhizobiales,Xanthobacteraceae,Bradyrhizobium,japonicum,Bradyrhizobium japonicum,5.930087795781673,1.1345187520825524e-33
Terephthalate,Proteobacteria,Gammaproteobacteria,Burkholderiales,Alcaligenaceae,Bordetella,hinzii,Bordetella hinzii,-2.63007577347436,6.116402779018391e-7
Terephthalamide+Controls,Proteobacteria,Gammaproteobacteria,Burkholderiales,Comamonadaceae,Acidovorax,NA,Acidovorax ,8.777311707425818,1.2795687178611711e-59
Terephthalamide+Controls,Verrucomicrobiota,Verrucomicrobiae,Opitutales,Opitutaceae,Lacunisphaera,NA,Lacunisphaera ,7.473486273018684,2.1914343876428326e-49
Terephthalamide+Controls,Actinobacteriota,Actinobacteria,Micromonosporales,Micromonosporaceae,Micromonospora,purpureochromogenes,Micromonospora purpureochromogenes,2.0775147958289764,1.376756319266563e-7
Terephthalamide+Controls,Proteobacteria,Alphaproteobacteria,Sphingomonadales,Sphingomonadaceae,Sphingopyxis,alaskensis,Sphingopyxis alaskensis,5.6807081643940736,3.5035672119183594e-34
Terephthalamide+Controls,Proteobacteria,Gammaproteobacteria,Burkholderiales,Oxalobacteraceae,NA,NA,Unclassified Organism,2.7863270798242903,4.989097279624686e-12
Terephthalate,Bacteroidota,Bacteroidia,Chitinophagales,Saprospiraceae,NA,NA,Unclassified Organism,-4.126963482300179,2.80528587170919e-14
Terephthalate,Proteobacteria,Alphaproteobacteria,Caulobacterales,Caulobacteraceae,Brevundimonas,bullata,Brevundimonas bullata,-3.702293049774135,2.5675427807877248e-12
Terephthalamide+Controls,Bacteroidota,Bacteroidia,Chitinophagales,Chitinophagaceae,Sediminibacterium,NA,Sediminibacterium ,6.782445851919258,3.1001225563261442e-46
Terephthalate,Proteobacteria,Alphaproteobacteria,Caulobacterales,Hyphomonadaceae,SWB02,NA,SWB02 ,-3.2216932998302057,9.449823346874898e-16
Terephthalate,Proteobacteria,Alphaproteobacteria,Rhizobiales,Xanthobacteraceae,NA,NA,Unclassified Organism,-5.694709611856097,3.49210476719005e-44
Terephthalate,Proteobacteria,Alphaproteobacteria,Rhizobiales,Rhizobiaceae,Aminobacter,aminovorans,Aminobacter aminovorans,-2.7823803670550364,1.958527713675092e-8
Terephthalamide+Controls,Proteobacteria,Alphaproteobacteria,Caulobacterales,Caulobacteraceae,Caulobacter,NA,Caulobacter ,3.4354518170932216,1.1680084854734453e-13
Terephthalamide+Controls,Proteobacteria,Alphaproteobacteria,Caulobacterales,Caulobacteraceae,Phenylobacterium,NA,Phenylobacterium ,3.8729976723018,5.1929835366899444e-21
Terephthalamide+Controls,Proteobacteria,Gammaproteobacteria,Burkholderiales,Comamonadaceae,Aquabacterium,NA,Aquabacterium ,6.086855615834052,4.1699538095606423e-35
Terephthalamide+Controls,Proteobacteria,Gammaproteobacteria,Burkholderiales,Comamonadaceae,Acidovorax,delafieldii,Acidovorax delafieldii,4.8570183520841965,6.967608432655249e-26
Terephthalamide+Controls,Proteobacteria,Gammaproteobacteria,Pseudomonadales,Moraxellaceae,NA,NA,Unclassified Organism,5.87942767813028,1.1476868728778525e-34
Terephthalamide+Controls,Proteobacteria,Gammaproteobacteria,Burkholderiales,Nitrosomonadaceae,Nitrosospira,NA,Nitrosospira ,6.092582271118843,4.5647171265671915e-35
Terephthalamide+Controls,Proteobacteria,Alphaproteobacteria,Sphingomonadales,Sphingomonadaceae,Parablastomonas,NA,Parablastomonas ,5.702638086833305,4.181957661127784e-31
Terephthalamide+Controls,Bacteroidota,Bacteroidia,Chitinophagales,Chitinophagaceae,Lacibacter,NA,Lacibacter ,6.742245500151693,2.0867039486226153e-41
Terephthalate,Proteobacteria,Alphaproteobacteria,Rhizobiales,Beijerinckiaceae,Bosea,NA,Bosea ,-4.461503017061401,5.695225823756718e-23
Terephthalamide+Controls,Proteobacteria,Gammaproteobacteria,Burkholderiales,Comamonadaceae,Caenimonas,NA,Caenimonas ,5.524360923237844,4.0405676873916136e-32
Terephthalate,Proteobacteria,Alphaproteobacteria,Rhizobiales,Rhizobiaceae,Mesorhizobium,NA,Mesorhizobium ,-3.600239073551328,6.296857977777532e-11
Terephthalate,Proteobacteria,Gammaproteobacteria,Xanthomonadales,Xanthomonadaceae,Luteimonas,NA,Luteimonas ,-4.739536839496828,1.0315073924899267e-27
Terephthalate,Bacteroidota,Bacteroidia,Cytophagales,Spirosomaceae,Leadbetterella,NA,Leadbetterella ,-2.3780757235136463,1.3757501301103912e-5
Terephthalamide+Controls,Proteobacteria,Gammaproteobacteria,Burkholderiales,Comamonadaceae,NA,NA,Unclassified Organism,5.258859497060877,1.288773718553191e-29
Terephthalamide+Controls,Bacteroidota,Bacteroidia,Chitinophagales,Chitinophagaceae,Lacibacter,NA,Lacibacter ,6.112285721364585,1.4963972569090154e-34
Terephthalamide+Controls,Bacteroidota,Bacteroidia,Chitinophagales,Chitinophagaceae,Sediminibacterium,NA,Sediminibacterium ,5.466254107376202,4.014899013455987e-30
Terephthalate,Proteobacteria,Gammaproteobacteria,Xanthomonadales,Xanthomonadaceae,Arenimonas,composti,Arenimonas composti,-4.57912582869541,8.665672805064368e-22
Terephthalamide+Controls,Proteobacteria,Gammaproteobacteria,Burkholderiales,Comamonadaceae,Methylibium,NA,Methylibium ,4.687382599580196,1.8301032888924983e-25
Terephthalamide+Controls,Proteobacteria,Alphaproteobacteria,Sphingomonadales,Sphingomonadaceae,Sphingobium,xenophagum,Sphingobium xenophagum,3.5913972989131455,2.3007055716740983e-17
Terephthalamide+Controls,Proteobacteria,Gammaproteobacteria,Burkholderiales,Comamonadaceae,NA,NA,Unclassified Organism,5.441683304354247,3.875464028408679e-30
Terephthalamide+Controls,Proteobacteria,Alphaproteobacteria,Rhizobiales,Rhizobiaceae,NA,NA,Unclassified Organism,7.463159229328979,3.273540166720831e-51
Terephthalamide+Controls,Bacteroidota,Bacteroidia,Chitinophagales,Chitinophagaceae,Sediminibacterium,NA,Sediminibacterium ,3.0229590162020896,2.846400972019686e-12
Terephthalamide+Controls,Proteobacteria,Alphaproteobacteria,Sphingomonadales,Sphingomonadaceae,Ellin6055,NA,Ellin6055 ,2.8266753923466337,5.034565537876731e-11
Terephthalamide+Controls,Proteobacteria,Gammaproteobacteria,Burkholderiales,Nitrosomonadaceae,Nitrosospira,NA,Nitrosospira ,4.895760543554429,1.7420723954559239e-28
Terephthalamide+Controls,Proteobacteria,Gammaproteobacteria,Pseudomonadales,Pseudomonadaceae,Pseudomonas,frederiksbergensis,Pseudomonas frederiksbergensis,2.882129232099555,1.2162310258269088e-8
Terephthalamide+Controls,Proteobacteria,Gammaproteobacteria,Burkholderiales,Comamonadaceae,Hydrogenophaga,NA,Hydrogenophaga ,6.439044023603937,8.883193003300644e-39
Terephthalamide+Controls,Actinobacteriota,Actinobacteria,Micrococcales,Micrococcaceae,Arthrobacter,crystallopoietes,Arthrobacter crystallopoietes,3.6311201885774644,1.1443121280835138e-16
Terephthalate,Actinobacteriota,Actinobacteria,Corynebacteriales,Nocardiaceae,Rhodococcus,opacus,Rhodococcus opacus,-3.632018541762573,8.165062064056123e-19
Terephthalamide+Controls,Proteobacteria,Gammaproteobacteria,Burkholderiales,Rhodocyclaceae,Methyloversatilis,NA,Methyloversatilis ,5.2717344667302495,4.0322279778802296e-30
Terephthalamide+Controls,Acidobacteriota,Blastocatellia,Blastocatellales,Blastocatellaceae,NA,NA,Unclassified Organism,4.550305463201609,1.3993667039601046e-23
Terephthalate,Proteobacteria,Alphaproteobacteria,Caulobacterales,Caulobacteraceae,Brevundimonas,diminuta,Brevundimonas diminuta,-6.220174970601056,3.581379135876834e-50
Terephthalamide+Controls,Proteobacteria,Gammaproteobacteria,Burkholderiales,Methylophilaceae,Methylotenera,NA,Methylotenera ,4.78089335931833,3.5212232719915724e-25
Terephthalamide+Controls,Proteobacteria,Alphaproteobacteria,Sphingomonadales,Sphingomonadaceae,Sphingopyxis,NA,Sphingopyxis ,4.4369709257333145,1.3427482545334609e-22
Terephthalate,Actinobacteriota,Actinobacteria,Micrococcales,Microbacteriaceae,NA,NA,Unclassified Organism,-3.081392858231794,5.181238943200743e-10
Terephthalate,Actinobacteriota,Actinobacteria,Micrococcales,Microbacteriaceae,Microbacterium,arborescens,Microbacterium arborescens,-5.253947159020997,1.66377885833681e-30
Terephthalate,Firmicutes,Bacilli,Paenibacillales,Paenibacillaceae,Paenibacillus,NA,Paenibacillus ,-2.0046645927185645,5.233155124215247e-8
Terephthalate,Proteobacteria,Alphaproteobacteria,Caulobacterales,Caulobacteraceae,Brevundimonas,olei,Brevundimonas olei,-2.8773879946692644,5.2521267232513406e-14
Terephthalate,Proteobacteria,Gammaproteobacteria,Burkholderiales,Comamonadaceae,Hydrogenophaga,NA,Hydrogenophaga ,-4.417006644569509,5.689372769323255e-32
Terephthalate,Proteobacteria,Gammaproteobacteria,Burkholderiales,Comamonadaceae,Hydrogenophaga,intermedia,Hydrogenophaga intermedia,-2.3700941235990043,2.889394258367601e-6
Terephthalate,Firmicutes,Bacilli,Bacillales,Bacillaceae,Bacillus,horti,Bacillus horti,-2.963943762367289,1.7817207247772884e-14
Terephthalamide+Controls,Proteobacteria,Gammaproteobacteria,Burkholderiales,Comamonadaceae,Rhizobacter,NA,Rhizobacter ,5.874226881763571,1.4051537938167683e-34
Terephthalamide+Controls,Acidobacteriota,Blastocatellia,Blastocatellales,Blastocatellaceae,JGI 0001001-H03,NA,JGI 0001001-H03 ,2.8752256947935364,6.167906848738827e-12
Terephthalamide+Controls,Proteobacteria,Alphaproteobacteria,Caulobacterales,Caulobacteraceae,Caulobacter,fusiformis,Caulobacter fusiformis,6.746544339127644,1.617514118127161e-43
Terephthalamide+Controls,Bacteroidota,Bacteroidia,Flavobacteriales,Flavobacteriaceae,Flavobacterium,buctense,Flavobacterium buctense,2.6106495030182155,2.9017188452879717e-11
Terephthalate,Bacteroidota,Bacteroidia,Chitinophagales,Chitinophagaceae,Ferruginibacter,NA,Ferruginibacter ,-4.746163648211805,8.918451908815078e-40
Terephthalate,Proteobacteria,Gammaproteobacteria,Xanthomonadales,Rhodanobacteraceae,Aquimonas,NA,Aquimonas ,-6.178189231293466,1.973617827105383e-49
Terephthalamide+Controls,Bacteroidota,Bacteroidia,Chitinophagales,Chitinophagaceae,Terrimonas,NA,Terrimonas ,5.8618306892028285,1.2050307787260767e-35
Terephthalamide+Controls,Bacteroidota,Bacteroidia,Chitinophagales,Chitinophagaceae,Ferruginibacter,NA,Ferruginibacter ,6.082334205429913,9.636739250808451e-38
Terephthalamide+Controls,Proteobacteria,Alphaproteobacteria,Rhizobiales,Rhizobiaceae,Mesorhizobium,ciceri,Mesorhizobium ciceri,2.4715996101176843,5.193447433020547e-7
Terephthalamide+Controls,Bacteroidota,Bacteroidia,Cytophagales,Spirosomaceae,Runella,NA,Runella ,2.3434563141257425,7.42330543511685e-10
Terephthalamide+Controls,Proteobacteria,Gammaproteobacteria,Pseudomonadales,Moraxellaceae,NA,NA,Unclassified Organism,3.9591799443158124,8.101262212282245e-20
Terephthalate,Proteobacteria,Gammaproteobacteria,Burkholderiales,Alcaligenaceae,Parapusillimonas,NA,Parapusillimonas ,-2.889418954542657,3.4684170824988446e-13
Terephthalate,Proteobacteria,Gammaproteobacteria,Xanthomonadales,Rhodanobacteraceae,NA,NA,Unclassified Organism,-5.1117395835772665,3.059645750962009e-39
Terephthalate,Proteobacteria,Gammaproteobacteria,Burkholderiales,Comamonadaceae,Hydrogenophaga,NA,Hydrogenophaga ,-4.2549473358928465,5.358875869422817e-20
Terephthalamide+Controls,Proteobacteria,Gammaproteobacteria,Burkholderiales,Comamonadaceae,Acidovorax,avenae,Acidovorax avenae,4.5776726627735815,3.120762108296872e-24
Terephthalate,Proteobacteria,Alphaproteobacteria,Rhizobiales,Rhizobiaceae,Aminobacter,NA,Aminobacter ,-5.7636732837426194,6.72021211749065e-43
Terephthalamide+Controls,Bacteroidota,Bacteroidia,Flavobacteriales,Flavobacteriaceae,Flavobacterium,NA,Flavobacterium ,2.7940477673904986,3.7164912055889475e-12
Terephthalate,Proteobacteria,Alphaproteobacteria,Rhizobiales,Rhizobiaceae,Shinella,NA,Shinella ,-3.2683662249662726,3.49789503344883e-14
Terephthalamide+Controls,Proteobacteria,Alphaproteobacteria,Rhizobiales,Rhizobiaceae,Mesorhizobium,NA,Mesorhizobium ,2.9606515317511053,4.5058326708439863e-13
Terephthalamide+Controls,Proteobacteria,Gammaproteobacteria,Pseudomonadales,Moraxellaceae,Perlucidibaca,NA,Perlucidibaca ,3.879013735412842,6.80321902936389e-20
Terephthalamide+Controls,Proteobacteria,Gammaproteobacteria,Burkholderiales,Oxalobacteraceae,Massilia,NA,Massilia ,4.069429398792234,3.9032238522166925e-20
Terephthalamide+Controls,Proteobacteria,Gammaproteobacteria,Burkholderiales,Nitrosomonadaceae,Nitrosospira,NA,Nitrosospira ,4.112496963941513,7.769088882661687e-21
Terephthalate,Actinobacteriota,Actinobacteria,Micrococcales,Microbacteriaceae,NA,NA,Unclassified Organism,-4.952854262971112,4.6499617780060684e-29
Terephthalate,Proteobacteria,Alphaproteobacteria,Rhizobiales,Rhizobiaceae,NA,NA,Unclassified Organism,-4.988973319895553,3.665366163065882e-33
Terephthalate,Proteobacteria,Alphaproteobacteria,Caulobacterales,Hyphomonadaceae,SWB02,NA,SWB02 ,-3.7312362568620467,5.766807870963679e-18
Terephthalamide+Controls,Proteobacteria,Alphaproteobacteria,Sphingomonadales,Sphingomonadaceae,Parablastomonas,NA,Parablastomonas ,5.939669324229674,4.629996438446028e-36
Terephthalamide+Controls,Verrucomicrobiota,Verrucomicrobiae,Opitutales,Opitutaceae,Lacunisphaera,NA,Lacunisphaera ,4.08880858525596,9.767689564615277e-22
Terephthalamide+Controls,Bacteroidota,Bacteroidia,Chitinophagales,Chitinophagaceae,Ferruginibacter,NA,Ferruginibacter ,5.123779060412973,9.301706261517817e-29
Terephthalate,Proteobacteria,Alphaproteobacteria,Reyranellales,Reyranellaceae,NA,NA,Unclassified Organism,-4.267844271514889,2.503380109217098e-28
Terephthalamide+Controls,Bacteroidota,Bacteroidia,Chitinophagales,Chitinophagaceae,Edaphobaculum,NA,Edaphobaculum ,3.2887441012284717,1.1700644024305238e-15
Terephthalamide+Controls,Proteobacteria,Alphaproteobacteria,Caulobacterales,Caulobacteraceae,Caulobacter,NA,Caulobacter ,6.137843718190752,1.075436383636932e-37
Terephthalamide+Controls,Armatimonadota,Fimbriimonadia,Fimbriimonadales,Fimbriimonadaceae,NA,NA,Unclassified Organism,3.7211452786970383,7.865384541168906e-19
Terephthalamide+Controls,Bacteroidota,Bacteroidia,Cytophagales,Cytophagaceae,Sporocytophaga,NA,Sporocytophaga ,2.480898535613939,1.6488029764597622e-10
Terephthalamide+Controls,Nitrospirota,Nitrospiria,Nitrospirales,Nitrospiraceae,Nitrospira,defluvii,Nitrospira defluvii,3.978826127137896,3.334948462717417e-20
Terephthalate,Proteobacteria,Alphaproteobacteria,Rhizobiales,Devosiaceae,Devosia,riboflavina,Devosia riboflavina,-4.200678690688766,1.647918855488448e-28
Terephthalate,Proteobacteria,Gammaproteobacteria,Legionellales,Legionellaceae,Legionella,NA,Legionella ,-4.4927013144269,3.2290960445189267e-25
Terephthalamide+Controls,Proteobacteria,Gammaproteobacteria,Burkholderiales,Comamonadaceae,Polaromonas,NA,Polaromonas ,2.555033823498097,3.714243367551304e-11
Terephthalate,Proteobacteria,Gammaproteobacteria,Burkholderiales,Alcaligenaceae,Advenella,kashmirensis,Advenella kashmirensis,-2.2804826537197287,2.971876090196384e-13
Terephthalate,Proteobacteria,Gammaproteobacteria,Pseudomonadales,Pseudomonadaceae,Pseudomonas,mendocina,Pseudomonas mendocina,-4.644315264913893,1.236334508909572e-37
Terephthalamide+Controls,Proteobacteria,Alphaproteobacteria,Sphingomonadales,Sphingomonadaceae,Ellin6055,NA,Ellin6055 ,3.6375067735870465,3.188348099158994e-17
Terephthalate,Proteobacteria,Alphaproteobacteria,Rhizobiales,Devosiaceae,Pelagibacterium,NA,Pelagibacterium ,-4.700267733503918,8.918451908815078e-40
Terephthalate,Gemmatimonadota,Longimicrobia,Longimicrobiales,Longimicrobiaceae,NA,NA,Unclassified Organism,-2.746273783756541,1.2297574126623011e-14
Terephthalamide+Controls,Chloroflexi,Anaerolineae,Anaerolineales,Anaerolineaceae,NA,NA,Unclassified Organism,2.5716869031389313,2.5927932307444107e-9
Terephthalamide+Controls,Bacteroidota,Bacteroidia,Chitinophagales,Chitinophagaceae,Lacibacter,NA,Lacibacter ,4.548959736220294,1.2824473277885036e-25
Terephthalate,Proteobacteria,Alphaproteobacteria,Caulobacterales,Hyphomonadaceae,SWB02,NA,SWB02 ,-3.7599851969086737,5.533952123111309e-28
Terephthalate,Bacteroidota,Bacteroidia,Sphingobacteriales,Sphingobacteriaceae,Sphingobacterium,faecium,Sphingobacterium faecium,-3.53696080158287,1.5375313650645431e-21
Terephthalamide+Controls,Proteobacteria,Alphaproteobacteria,Caulobacterales,Caulobacteraceae,Caulobacter,fusiformis,Caulobacter fusiformis,5.26365140494994,3.537514327345067e-31
Terephthalamide+Controls,Bacteroidota,Bacteroidia,Chitinophagales,Chitinophagaceae,Taibaiella,NA,Taibaiella ,2.1502245369973734,5.0818314327084135e-9
Terephthalamide+Controls,Verrucomicrobiota,Verrucomicrobiae,Pedosphaerales,Pedosphaeraceae,NA,NA,Unclassified Organism,4.318383640418845,1.786250167896497e-25
Terephthalamide+Controls,Proteobacteria,Alphaproteobacteria,Reyranellales,Reyranellaceae,Reyranella,NA,Reyranella ,3.3497070364840664,4.1302696457277673e-16
Terephthalate,Proteobacteria,Alphaproteobacteria,Rhizobiales,Rhizobiaceae,Chelativorans,NA,Chelativorans ,-5.583892620322494,1.3363961241919827e-47
Terephthalamide+Controls,Proteobacteria,Gammaproteobacteria,Burkholderiales,Comamonadaceae,Piscinibacter,NA,Piscinibacter ,3.3356555645118218,3.218466182108751e-16
Terephthalamide+Controls,Proteobacteria,Alphaproteobacteria,Rhizobiales,Rhizobiaceae,Hoeflea,NA,Hoeflea ,3.166982955238977,4.018567577754784e-15
Terephthalamide+Controls,Proteobacteria,Alphaproteobacteria,Rhizobiales,Hyphomicrobiaceae,Hyphomicrobium,denitrificans,Hyphomicrobium denitrificans,3.6506078884639326,3.1553737129085944e-15
Terephthalamide+Controls,Proteobacteria,Alphaproteobacteria,Caulobacterales,Hyphomonadaceae,Hirschia,NA,Hirschia ,2.4198221182926263,2.7365542818542436e-10
Terephthalamide+Controls,Actinobacteriota,Actinobacteria,Propionibacteriales,Nocardioidaceae,Aeromicrobium,NA,Aeromicrobium ,2.71242127863526,1.7732532580621383e-12
Terephthalamide+Controls,Proteobacteria,Alphaproteobacteria,Rhizobiales,Hyphomicrobiaceae,Hyphomicrobium,NA,Hyphomicrobium ,2.6066055808730137,2.6876886383245448e-11
Terephthalamide+Controls,Actinobacteriota,Actinobacteria,Micrococcales,Microbacteriaceae,Conyzicola,NA,Conyzicola ,5.529345008296835,2.783586093903177e-33
Terephthalamide+Controls,Proteobacteria,Gammaproteobacteria,Burkholderiales,Oxalobacteraceae,NA,NA,Unclassified Organism,3.323689221318862,1.4699290173830464e-15
Terephthalamide+Controls,Proteobacteria,Alphaproteobacteria,Rhizobiales,Hyphomicrobiaceae,Hyphomicrobium,denitrificans,Hyphomicrobium denitrificans,4.148948442902374,4.303906775873204e-22
Terephthalamide+Controls,Proteobacteria,Gammaproteobacteria,Burkholderiales,Hydrogenophilaceae,Thiobacillus,NA,Thiobacillus ,2.175030321335625,1.914298116491058e-9
Terephthalamide+Controls,Proteobacteria,Alphaproteobacteria,Caulobacterales,Caulobacteraceae,NA,NA,Unclassified Organism,3.2526520679443585,1.2957115076204333e-15
Terephthalate,Chloroflexi,Anaerolineae,Anaerolineales,Anaerolineaceae,NA,NA,Unclassified Organism,-2.6733455087232683,2.1922030170399888e-14
Terephthalamide+Controls,Proteobacteria,Alphaproteobacteria,Caulobacterales,Caulobacteraceae,Caulobacter,henricii,Caulobacter henricii,4.029473071368097,3.0533579194461643e-22
Terephthalamide+Controls,Proteobacteria,Alphaproteobacteria,Caulobacterales,Caulobacteraceae,Caulobacter,NA,Caulobacter ,5.23789499865432,2.73488528451679e-33
Terephthalamide+Controls,Actinobacteriota,Actinobacteria,Propionibacteriales,Nocardioidaceae,Marmoricola,NA,Marmoricola ,4.577559647159123,5.6367796270615714e-27
Terephthalamide+Controls,Bacteroidota,Bacteroidia,Chitinophagales,Chitinophagaceae,Terrimonas,NA,Terrimonas ,3.6577493102907455,3.213398839406237e-18
Terephthalate,Proteobacteria,Alphaproteobacteria,Rhizobiales,Rhizobiaceae,Mesorhizobium,NA,Mesorhizobium ,-3.083212309733799,1.9214856387210628e-14
Terephthalamide+Controls,Proteobacteria,Alphaproteobacteria,Rhizobiales,Hyphomicrobiaceae,Hyphomicrobium,denitrificans,Hyphomicrobium denitrificans,3.931286116139881,3.953375961211562e-20
Terephthalamide+Controls,Actinobacteriota,Actinobacteria,Corynebacteriales,Dietziaceae,Dietzia,maris,Dietzia maris,3.108558636971732,9.40861943697122e-15
Terephthalate,Firmicutes,Bacilli,Paenibacillales,Paenibacillaceae,Paenibacillus,NA,Paenibacillus ,-2.1678335046942734,2.1393920439338844e-11
Terephthalamide+Controls,Proteobacteria,Alphaproteobacteria,Parvibaculales,Parvibaculaceae,Parvibaculum,NA,Parvibaculum ,3.2753525975286317,2.93455459129238e-15
Terephthalamide+Controls,Proteobacteria,Alphaproteobacteria,Reyranellales,Reyranellaceae,NA,NA,Unclassified Organism,2.3278098633594837,1.0458658341495537e-10
Terephthalate,Bacteroidota,Bacteroidia,Flavobacteriales,Weeksellaceae,Moheibacter,NA,Moheibacter ,-3.8772131977133912,5.457770893142862e-26
Terephthalamide+Controls,Actinobacteriota,Actinobacteria,Propionibacteriales,Nocardioidaceae,Aeromicrobium,NA,Aeromicrobium ,2.4407937369985087,2.075228417864838e-10
Terephthalate,Proteobacteria,Gammaproteobacteria,Xanthomonadales,Rhodanobacteraceae,Pseudofulvimonas,NA,Pseudofulvimonas ,-3.2930384748763144,9.98864015253268e-14
Terephthalamide+Controls,Proteobacteria,Gammaproteobacteria,Burkholderiales,Rhodocyclaceae,Zoogloea,NA,Zoogloea ,2.5274030074491978,1.09715693990281e-10
Terephthalate,Proteobacteria,Alphaproteobacteria,Rhizobiales,Rhizobiaceae,Brucella,melitensis,Brucella melitensis,-4.672497957809718,4.553586224919436e-34
Terephthalamide+Controls,Proteobacteria,Gammaproteobacteria,Xanthomonadales,Xanthomonadaceae,Arenimonas,metalli,Arenimonas metalli,2.0097912935882,5.602312460334854e-6
Terephthalamide+Controls,Proteobacteria,Alphaproteobacteria,Caulobacterales,Hyphomonadaceae,Hirschia,NA,Hirschia ,3.495902346700229,1.879771051895737e-15
Terephthalate,Proteobacteria,Alphaproteobacteria,Rhizobiales,Rhizobiaceae,Aminobacter,NA,Aminobacter ,-2.9473563103997518,6.030119006545093e-11
Terephthalamide+Controls,Proteobacteria,Gammaproteobacteria,Salinisphaerales,Solimonadaceae,NA,NA,Unclassified Organism,3.7374939007537376,5.047422404812556e-19
Terephthalamide+Controls,Bacteroidota,Bacteroidia,Chitinophagales,Chitinophagaceae,Dinghuibacter,NA,Dinghuibacter ,2.3048777381093584,5.358737347888797e-10
Terephthalamide+Controls,Proteobacteria,Alphaproteobacteria,Sphingomonadales,Sphingomonadaceae,Sphingobium,NA,Sphingobium ,3.361092657470563,4.284693759216957e-16
Terephthalamide+Controls,Proteobacteria,Gammaproteobacteria,Burkholderiales,Comamonadaceae,NA,NA,Unclassified Organism,4.26695706035015,1.5861243702048286e-22
Terephthalamide+Controls,Proteobacteria,Gammaproteobacteria,Pseudomonadales,Moraxellaceae,Cavicella,NA,Cavicella ,3.3534868259725577,2.0632939928012942e-16
Terephthalate,Proteobacteria,Alphaproteobacteria,Rhizobiales,Rhizobiaceae,Mesorhizobium,NA,Mesorhizobium ,-4.6995466124245215,3.117645785427152e-33
Terephthalate,Proteobacteria,Alphaproteobacteria,Rhizobiales,Rhizobiaceae,Mesorhizobium,NA,Mesorhizobium ,-2.4244322914901404,4.375559778343892e-9
Terephthalamide+Controls,Gemmatimonadota,Gemmatimonadetes,Gemmatimonadales,Gemmatimonadaceae,Gemmatimonas,NA,Gemmatimonas ,2.4699118986010964,1.1839519838262442e-10
Terephthalamide+Controls,Proteobacteria,Alphaproteobacteria,Rhizobiales,Hyphomicrobiaceae,Hyphomicrobium,facile,Hyphomicrobium facile,2.7944687391660676,1.8202379544149444e-12
Terephthalamide+Controls,Bacteroidota,Bacteroidia,Chitinophagales,Chitinophagaceae,Terrimonas,NA,Terrimonas ,3.477810764173425,1.4561927481684032e-16
Terephthalate,Actinobacteriota,Actinobacteria,Corynebacteriales,Nocardiaceae,Rhodococcus,jostii,Rhodococcus jostii,-3.4380145279928436,5.374170766267616e-23
Terephthalamide+Controls,Proteobacteria,Alphaproteobacteria,Rhizobiales,Xanthobacteraceae,Nitrobacter,NA,Nitrobacter ,3.905433628427258,4.028572357212528e-19
Terephthalamide+Controls,Proteobacteria,Alphaproteobacteria,Rhizobiales,Rhizobiaceae,Mesorhizobium,huakuii,Mesorhizobium huakuii,3.5737063693293316,2.0433640126962785e-17
Terephthalamide+Controls,Proteobacteria,Alphaproteobacteria,Rhizobiales,Xanthobacteraceae,Xanthobacter,autotrophicus,Xanthobacter autotrophicus,2.5982168703456194,2.2874185698228887e-11
Terephthalate,Proteobacteria,Gammaproteobacteria,Xanthomonadales,Xanthomonadaceae,Luteimonas,NA,Luteimonas ,-4.359956523365716,4.5647171265671915e-35
Terephthalamide+Controls,Proteobacteria,Alphaproteobacteria,Rhodobacterales,Rhodobacteraceae,Gemmobacter,NA,Gemmobacter ,3.325208124115697,2.5176475686387465e-16
Terephthalamide+Controls,Proteobacteria,Alphaproteobacteria,Caulobacterales,Caulobacteraceae,NA,NA,Unclassified Organism,3.291677211309694,1.2108149579555916e-15
Terephthalate,Proteobacteria,Alphaproteobacteria,Caulobacterales,Caulobacteraceae,Brevundimonas,NA,Brevundimonas ,-4.84617246583814,2.0435811622238893e-37
Terephthalamide+Controls,Actinobacteriota,Actinobacteria,Propionibacteriales,Nocardioidaceae,Marmoricola,NA,Marmoricola ,4.189231639748554,1.6739283896482749e-22
Terephthalamide+Controls,Bacteroidota,Bacteroidia,Chitinophagales,Chitinophagaceae,Ferruginibacter,NA,Ferruginibacter ,2.6245527237959494,5.9583693901213085e-12
Terephthalamide+Controls,Bacteroidota,Bacteroidia,Chitinophagales,Chitinophagaceae,Terrimonas,NA,Terrimonas ,4.651164275288066,6.0175646170619076e-27
Terephthalamide+Controls,Proteobacteria,Alphaproteobacteria,Reyranellales,Reyranellaceae,Reyranella,NA,Reyranella ,4.443453712410757,4.0667682488484275e-27
Terephthalamide+Controls,Proteobacteria,Gammaproteobacteria,Burkholderiales,Rhodocyclaceae,Ferribacterium,NA,Ferribacterium ,2.5732675872659168,3.871185184921065e-11
Terephthalamide+Controls,Proteobacteria,Alphaproteobacteria,Rhizobiales,A0839,NA,NA,Unclassified Organism,3.455847567189782,1.2344955641401448e-17
Terephthalate,Proteobacteria,Alphaproteobacteria,Rhodobacterales,Rhodobacteraceae,NA,NA,Unclassified Organism,-3.8828043321987877,1.0610310493119236e-21
Terephthalamide+Controls,Proteobacteria,Gammaproteobacteria,Burkholderiales,Comamonadaceae,Caenimonas,NA,Caenimonas ,3.394105924607485,7.310427401885268e-18
Terephthalamide+Controls,Bacteroidota,Bacteroidia,Chitinophagales,Chitinophagaceae,Sediminibacterium,NA,Sediminibacterium ,3.0267479037455276,5.765288657416414e-14
Terephthalate,Proteobacteria,Alphaproteobacteria,Rhizobiales,Devosiaceae,Arsenicitalea,NA,Arsenicitalea ,-2.089836547518027,1.8494890873825886e-6
Terephthalate,Proteobacteria,Gammaproteobacteria,Xanthomonadales,Xanthomonadaceae,Stenotrophomonas,rhizophila,Stenotrophomonas rhizophila,-2.8548555969807548,2.0611513545910003e-14
Terephthalamide+Controls,Firmicutes,Bacilli,Bacillales,Planococcaceae,Psychrobacillus,NA,Psychrobacillus ,2.24106919996113,1.163993531907476e-9
Terephthalamide+Controls,Bacteroidota,Bacteroidia,Chitinophagales,Chitinophagaceae,Puia,NA,Puia ,3.099753866970629,4.960844998796518e-15
Terephthalamide+Controls,Proteobacteria,Gammaproteobacteria,Burkholderiales,Comamonadaceae,Caenimonas,NA,Caenimonas ,2.7351907346280497,2.1766616360892505e-10
Terephthalate,Acidobacteriota,Blastocatellia,Blastocatellales,Blastocatellaceae,NA,NA,Unclassified Organism,-2.5660608981292348,7.176876470320951e-11
Terephthalate,Gemmatimonadota,Gemmatimonadetes,Gemmatimonadales,Gemmatimonadaceae,NA,NA,Unclassified Organism,-2.704257508491805,2.160606866939715e-19
Terephthalamide+Controls,Proteobacteria,Gammaproteobacteria,Burkholderiales,TRA3-20,NA,NA,Unclassified Organism,2.7976137756758153,4.1244850345940984e-13
Terephthalamide+Controls,Proteobacteria,Alphaproteobacteria,Sphingomonadales,Sphingomonadaceae,Sphingopyxis,terrae,Sphingopyxis terrae,2.4961416811805304,1.1044633957632084e-10
Terephthalate,Bacteroidota,Bacteroidia,Chitinophagales,Chitinophagaceae,Edaphobaculum,NA,Edaphobaculum ,-4.860201366183437,7.41766296426891e-44
Terephthalate,Deinococcota,Deinococci,Deinococcales,Trueperaceae,Truepera,NA,Truepera ,-2.9937298033591837,4.885067121843379e-13
Terephthalamide+Controls,Proteobacteria,Alphaproteobacteria,Caulobacterales,Caulobacteraceae,Phenylobacterium,NA,Phenylobacterium ,2.4974886776184917,2.7752384195610897e-11
Terephthalamide+Controls,Proteobacteria,Gammaproteobacteria,Burkholderiales,Comamonadaceae,NA,NA,Unclassified Organism,2.22797168062425,1.3349390674619044e-9
Terephthalate,Proteobacteria,Alphaproteobacteria,Caulobacterales,Hyphomonadaceae,Hyphomonas,NA,Hyphomonas ,-2.9679625125578606,2.900558674343783e-19
Terephthalamide+Controls,Proteobacteria,Gammaproteobacteria,Burkholderiales,Burkholderiaceae,Burkholderia-Caballeronia-Paraburkholderia,NA,Burkholderia-Caballeronia-Paraburkholderia ,4.588960032047027,3.572147923579958e-28
Terephthalamide+Controls,Bacteroidota,Bacteroidia,Chitinophagales,Chitinophagaceae,Terrimonas,NA,Terrimonas ,4.444563933771692,3.3951486980779555e-25
Terephthalate,Proteobacteria,Alphaproteobacteria,Rhizobiales,Rhizobiaceae,Ensifer,adhaerens,Ensifer adhaerens,-4.304894353178604,1.4154165479628296e-31
Terephthalamide+Controls,Proteobacteria,Gammaproteobacteria,Burkholderiales,Nitrosomonadaceae,GOUTA6,NA,GOUTA6 ,3.417055432812549,6.833861885509635e-17
Terephthalamide+Controls,Proteobacteria,Alphaproteobacteria,Rhizobiales,Xanthobacteraceae,Rhodopseudomonas,palustris,Rhodopseudomonas palustris,2.434290365881405,2.3412232536268347e-10
Terephthalamide+Controls,Proteobacteria,Gammaproteobacteria,Burkholderiales,Comamonadaceae,Xylophilus,NA,Xylophilus ,3.496165744245261,1.0077859699306064e-18
Terephthalamide+Controls,Proteobacteria,Gammaproteobacteria,Xanthomonadales,Xanthomonadaceae,Arenimonas,NA,Arenimonas ,4.370860518287175,1.721124961729825e-24
Terephthalamide+Controls,Proteobacteria,Alphaproteobacteria,Rhizobiales,Xanthobacteraceae,Rhodopseudomonas,NA,Rhodopseudomonas ,2.736973144594464,6.044813919218649e-13
Terephthalate,Proteobacteria,Alphaproteobacteria,Rhizobiales,Beijerinckiaceae,Bosea,NA,Bosea ,-3.6763074850866126,2.496333766964286e-22
Terephthalate,Proteobacteria,Alphaproteobacteria,Caulobacterales,Caulobacteraceae,Brevundimonas,abyssalis,Brevundimonas abyssalis,-3.8533723632422356,2.64257150522496e-28
Terephthalate,Proteobacteria,Alphaproteobacteria,Rhizobiales,Devosiaceae,Pelagibacterium,NA,Pelagibacterium ,-2.600003321599198,4.814443095972318e-15
Terephthalamide+Controls,Proteobacteria,Gammaproteobacteria,Burkholderiales,Comamonadaceae,Variovorax,paradoxus,Variovorax paradoxus,2.6694138139944332,2.931380728246056e-12
Terephthalamide+Controls,Bacteroidota,Bacteroidia,Sphingobacteriales,Sphingobacteriaceae,Pedobacter,composti,Pedobacter composti,3.8962555531288245,9.039249279545997e-22
Terephthalamide+Controls,Proteobacteria,Gammaproteobacteria,Burkholderiales,Rhodocyclaceae,Zoogloea,NA,Zoogloea ,2.347322499176614,5.3661479689265e-10
Terephthalamide+Controls,Proteobacteria,Gammaproteobacteria,Pseudomonadales,Moraxellaceae,NA,NA,Unclassified Organism,2.2639815683458058,2.3219854503344465e-9
Terephthalamide+Controls,Bacteroidota,Bacteroidia,Chitinophagales,Chitinophagaceae,Flavihumibacter,NA,Flavihumibacter ,3.201032694774757,3.1205404573582957e-15
Terephthalamide+Controls,Proteobacteria,Gammaproteobacteria,Gammaproteobacteria Incertae Sedis,Unknown Family,NA,NA,Unclassified Organism,2.6500940679895235,7.180466507031745e-12
Terephthalamide+Controls,Proteobacteria,Alphaproteobacteria,Rhizobiales,Hyphomicrobiaceae,Hyphomicrobium,facile,Hyphomicrobium facile,2.6414048679934394,3.106351213670745e-11
Terephthalamide+Controls,Proteobacteria,Alphaproteobacteria,Caulobacterales,Caulobacteraceae,NA,NA,Unclassified Organism,3.7524369457141256,1.0472182433434009e-18
Terephthalamide+Controls,Bacteroidota,Bacteroidia,Chitinophagales,Chitinophagaceae,NA,NA,Unclassified Organism,2.5384069817147266,1.0809090335200087e-11
Terephthalamide+Controls,Bacteroidota,Bacteroidia,Flavobacteriales,Flavobacteriaceae,Flavobacterium,cauense,Flavobacterium cauense,2.02170190165676,9.945732890366581e-8
Terephthalamide+Controls,Proteobacteria,Gammaproteobacteria,Burkholderiales,Nitrosomonadaceae,Nitrosomonas,NA,Nitrosomonas ,2.825649575187048,5.832950349429586e-13
Terephthalamide+Controls,Proteobacteria,Gammaproteobacteria,Xanthomonadales,Xanthomonadaceae,Pseudoxanthomonas,NA,Pseudoxanthomonas ,3.4920499545067027,9.657667475284936e-18
Terephthalamide+Controls,Proteobacteria,Gammaproteobacteria,Salinisphaerales,Solimonadaceae,Nevskia,NA,Nevskia ,3.02054013785518,2.541363856521057e-15
Terephthalamide+Controls,Chloroflexi,Anaerolineae,Anaerolineales,Anaerolineaceae,NA,NA,Unclassified Organism,2.254667754499173,5.352068062350363e-9
Terephthalamide+Controls,Proteobacteria,Alphaproteobacteria,Sphingomonadales,Sphingomonadaceae,Sphingopyxis,granuli,Sphingopyxis granuli,2.859992833971205,3.120981339663593e-13
Terephthalamide+Controls,Proteobacteria,Gammaproteobacteria,Burkholderiales,Comamonadaceae,Hydrogenophaga,NA,Hydrogenophaga ,2.9713941530161647,4.4182386528851095e-14
Terephthalamide+Controls,Proteobacteria,Alphaproteobacteria,Rhizobiales,Hyphomicrobiaceae,Hyphomicrobium,denitrificans,Hyphomicrobium denitrificans,2.8085154492839437,2.21261383769594e-13
Terephthalamide+Controls,Bacteroidota,Bacteroidia,Chitinophagales,Chitinophagaceae,Dinghuibacter,NA,Dinghuibacter ,2.6360538934125235,1.835561708221674e-12
Terephthalamide+Controls,Proteobacteria,Gammaproteobacteria,Burkholderiales,Nitrosomonadaceae,Nitrosomonas,communis,Nitrosomonas communis,2.330017418621675,5.226351405191999e-10
Terephthalate,Planctomycetota,Planctomycetes,Planctomycetales,Rubinisphaeraceae,Planctomicrobium,NA,Planctomicrobium ,-2.0727392614719657,3.967915583195369e-11
Terephthalamide+Controls,Proteobacteria,Alphaproteobacteria,Caulobacterales,Hyphomonadaceae,SWB02,NA,SWB02 ,3.3760443945232326,1.037860548141048e-16
Terephthalamide+Controls,Bacteroidota,Bacteroidia,Cytophagales,Microscillaceae,Hassallia,NA,Hassallia ,2.5294703401899525,2.5050968661408467e-11
Terephthalate,Proteobacteria,Alphaproteobacteria,Rhizobiales,Rhizobiaceae,Mesorhizobium,mediterraneum,Mesorhizobium mediterraneum,-2.1898118980519836,1.945156454320424e-8
Terephthalamide+Controls,Proteobacteria,Alphaproteobacteria,Rhizobiales,Rhizobiales Incertae Sedis,Nordella,oligomobilis,Nordella oligomobilis,3.6579953164777326,3.167463469387583e-19
Terephthalamide+Controls,Gemmatimonadota,Gemmatimonadetes,Gemmatimonadales,Gemmatimonadaceae,NA,NA,Unclassified Organism,2.655661052673399,1.8202379544149444e-12
Terephthalamide+Controls,Proteobacteria,Gammaproteobacteria,Burkholderiales,Nitrosomonadaceae,Ellin6067,NA,Ellin6067 ,2.486937550434135,2.3853175068721304e-11
Terephthalamide+Controls,Proteobacteria,Alphaproteobacteria,Sphingomonadales,Sphingomonadaceae,Sphingomonas,NA,Sphingomonas ,2.5886070544262414,4.679238670455481e-12
Terephthalamide+Controls,Proteobacteria,Alphaproteobacteria,Rhodobacterales,Rhodobacteraceae,Rhodobacter,NA,Rhodobacter ,2.849276886395577,3.927511005349055e-13
Terephthalamide+Controls,Actinobacteriota,Actinobacteria,Micrococcales,Microbacteriaceae,Galbitalea,NA,Galbitalea ,2.198382254338208,1.1121650036586823e-9
Terephthalate,Proteobacteria,Alphaproteobacteria,Rhizobiales,Devosiaceae,Devosia,NA,Devosia ,-3.7454830497778295,2.6684943865395284e-23
Terephthalamide+Controls,Proteobacteria,Alphaproteobacteria,Caulobacterales,Caulobacteraceae,Caulobacter,NA,Caulobacter ,2.7914796768664423,1.423781617744622e-13
Terephthalamide+Controls,Bacteroidota,Bacteroidia,Chitinophagales,Chitinophagaceae,Lacibacter,NA,Lacibacter ,2.801005489570209,8.718627067735221e-13
Terephthalamide+Controls,Proteobacteria,Gammaproteobacteria,Burkholderiales,Hydrogenophilaceae,Thiobacillus,NA,Thiobacillus ,2.395244639152304,1.823327618975497e-10
Terephthalate,Bacteroidota,Bacteroidia,Sphingobacteriales,Sphingobacteriaceae,Parapedobacter,NA,Parapedobacter ,-2.629672775887988,1.2466212935806192e-10
Terephthalamide+Controls,Proteobacteria,Alphaproteobacteria,Parvibaculales,Parvibaculaceae,Parvibaculum,NA,Parvibaculum ,2.0266819673269367,1.2899604989553481e-8
Terephthalamide+Controls,Bacteroidota,Bacteroidia,Cytophagales,Microscillaceae,NA,NA,Unclassified Organism,2.2278663078032923,6.278919959979138e-10
Terephthalamide+Controls,Bacteroidota,Bacteroidia,Chitinophagales,Chitinophagaceae,NA,NA,Unclassified Organism,2.56178449783806,1.6256240255220844e-11
Terephthalamide+Controls,Gemmatimonadota,Gemmatimonadetes,Gemmatimonadales,Gemmatimonadaceae,NA,NA,Unclassified Organism,2.237933594698876,2.3695390307243086e-10
Terephthalamide+Controls,Proteobacteria,Gammaproteobacteria,Burkholderiales,Nitrosomonadaceae,MND1,NA,MND1 ,3.443051818715953,5.401475701706987e-18
Terephthalamide+Controls,Proteobacteria,Alphaproteobacteria,Rhizobiales,Xanthobacteraceae,NA,NA,Unclassified Organism,2.264079742189253,8.666957624345357e-10
Terephthalamide+Controls,Bacteroidota,Bacteroidia,Chitinophagales,Chitinophagaceae,Terrimonas,NA,Terrimonas ,2.415993965868503,4.781819863922781e-10
Terephthalamide+Controls,Proteobacteria,Alphaproteobacteria,Caulobacterales,Caulobacteraceae,Caulobacter,NA,Caulobacter ,3.201453104154572,1.2550777429585109e-15
Terephthalate,Proteobacteria,Alphaproteobacteria,Rhizobiales,Devosiaceae,NA,NA,Unclassified Organism,-4.080632633692144,9.462380851684154e-29
Terephthalate,Proteobacteria,Alphaproteobacteria,Rhizobiales,Rhizobiaceae,NA,NA,Unclassified Organism,-5.037772228028873,2.8045281429935763e-47
Terephthalate,Proteobacteria,Gammaproteobacteria,Xanthomonadales,Xanthomonadaceae,Pseudoxanthomonas,NA,Pseudoxanthomonas ,-2.313816975554471,7.571213387067186e-9
Terephthalate,Bacteroidota,Bacteroidia,Sphingobacteriales,Sphingobacteriaceae,Parapedobacter,NA,Parapedobacter ,-3.582573238560581,6.3647465791415755e-24
Terephthalamide+Controls,Bacteroidota,Bacteroidia,Cytophagales,Spirosomaceae,NA,NA,Unclassified Organism,2.616538668784033,1.3923443388646177e-11
Terephthalamide+Controls,Proteobacteria,Gammaproteobacteria,Xanthomonadales,Xanthomonadaceae,Arenimonas,NA,Arenimonas ,2.0085821157311403,9.117400357683936e-9
Terephthalate,Bacteroidota,Bacteroidia,Cytophagales,Spirosomaceae,Persicitalea,NA,Persicitalea ,-3.0116015704765515,1.3132444289752859e-15
Terephthalamide+Controls,Proteobacteria,Alphaproteobacteria,Reyranellales,Reyranellaceae,Reyranella,NA,Reyranella ,3.169303265459016,3.520540988162533e-15
Terephthalamide+Controls,Proteobacteria,Gammaproteobacteria,Steroidobacterales,Steroidobacteraceae,Steroidobacter,NA,Steroidobacter ,2.068049682337594,5.791821480987058e-9
Terephthalamide+Controls,Gemmatimonadota,Gemmatimonadetes,Gemmatimonadales,Gemmatimonadaceae,Gemmatimonas,NA,Gemmatimonas ,3.071978404178071,4.651830484333448e-15
Terephthalamide+Controls,Proteobacteria,Alphaproteobacteria,Rhizobiales,Hyphomicrobiaceae,Hyphomicrobium,NA,Hyphomicrobium ,2.374093127432011,9.362271556016838e-11
Terephthalamide+Controls,Proteobacteria,Gammaproteobacteria,Xanthomonadales,Xanthomonadaceae,NA,NA,Unclassified Organism,2.1224119147041227,6.559804711743187e-9
Terephthalate,Chloroflexi,Chloroflexia,Thermomicrobiales,JG30-KF-CM45,NA,NA,Unclassified Organism,-3.4779243767776613,2.214904865361423e-21
Terephthalate,Proteobacteria,Alphaproteobacteria,Parvibaculales,Parvibaculaceae,Parvibaculum,NA,Parvibaculum ,-2.8337826786636673,9.46529389969137e-13
Terephthalamide+Controls,Proteobacteria,Gammaproteobacteria,Burkholderiales,Comamonadaceae,NA,NA,Unclassified Organism,2.5985582773434763,1.4010068856896242e-11
Terephthalate,Proteobacteria,Alphaproteobacteria,Rhizobiales,Rhizobiaceae,Aminobacter,NA,Aminobacter ,-3.7187709980800356,6.3683380430153895e-31
Terephthalamide+Controls,Bacteroidota,Bacteroidia,Chitinophagales,Chitinophagaceae,NA,NA,Unclassified Organism,2.7388038013059037,2.340849103279914e-12
Terephthalamide+Controls,Proteobacteria,Alphaproteobacteria,Caulobacterales,Caulobacteraceae,Phenylobacterium,NA,Phenylobacterium ,3.1897747273461894,2.5986349115428243e-15
Terephthalamide+Controls,Proteobacteria,Alphaproteobacteria,Rhizobiales,Rhizobiaceae,Allorhizobium-Neorhizobium-Pararhizobium-Rhizobium,NA,Allorhizobium-Neorhizobium-Pararhizobium-Rhizobium ,2.724265826657485,2.6020636925841497e-12
Terephthalate,Bacteroidota,Bacteroidia,Flavobacteriales,Flavobacteriaceae,Planktosalinus,NA,Planktosalinus ,-2.5775776669608477,1.9214856387210628e-14
Terephthalate,Proteobacteria,Gammaproteobacteria,Pseudomonadales,Pseudomonadaceae,Pseudomonas,anguilliseptica,Pseudomonas anguilliseptica,-3.3168165778859664,2.3722167009397563e-25
Terephthalamide+Controls,Proteobacteria,Alphaproteobacteria,Caulobacterales,Hyphomonadaceae,SWB02,NA,SWB02 ,3.394617977155577,3.225026490323279e-17
Terephthalamide+Controls,Proteobacteria,Alphaproteobacteria,Rhizobiales,Xanthobacteraceae,NA,NA,Unclassified Organism,2.864823108612587,2.125942266620622e-13
Terephthalamide+Controls,Actinobacteriota,Actinobacteria,Micrococcales,Microbacteriaceae,Cryobacterium,NA,Cryobacterium ,2.7107111917904816,2.4263831363602326e-12
Terephthalamide+Controls,Proteobacteria,Gammaproteobacteria,Burkholderiales,Nitrosomonadaceae,IS-44,NA,IS-44 ,2.7185013160245908,7.478636451793482e-13
Terephthalamide+Controls,Proteobacteria,Alphaproteobacteria,Caulobacterales,Caulobacteraceae,NA,NA,Unclassified Organism,2.9840210174052313,3.2132893531747124e-14
Terephthalate,Proteobacteria,Gammaproteobacteria,Xanthomonadales,Rhodanobacteraceae,Aquimonas,NA,Aquimonas ,-2.6787506416831377,2.4717292555759636e-18
Terephthalamide+Controls,Gemmatimonadota,Gemmatimonadetes,Gemmatimonadales,Gemmatimonadaceae,NA,NA,Unclassified Organism,2.177584096274901,7.797074611210636e-9
Terephthalamide+Controls,Bdellovibrionota,Bdellovibrionia,Bdellovibrionales,Bdellovibrionaceae,Bdellovibrio,NA,Bdellovibrio ,2.5262684683990777,2.9089538148567653e-11
Terephthalamide+Controls,Gemmatimonadota,Gemmatimonadetes,Gemmatimonadales,Gemmatimonadaceae,NA,NA,Unclassified Organism,3.057787251126835,8.687063419219636e-15
Terephthalamide+Controls,Bacteroidota,Kryptonia,Kryptoniales,BSV26,NA,NA,Unclassified Organism,2.6045250875916337,1.2653136337268135e-12
Terephthalamide+Controls,Proteobacteria,Gammaproteobacteria,Xanthomonadales,Xanthomonadaceae,Arenimonas,NA,Arenimonas ,2.92087533344657,1.75390789667147e-13
Terephthalamide+Controls,Bacteroidota,Bacteroidia,Chitinophagales,Chitinophagaceae,NA,NA,Unclassified Organism,2.7551658577056104,2.429407092464979e-13
Terephthalamide+Controls,Bacteroidota,Bacteroidia,Chitinophagales,Chitinophagaceae,Ferruginibacter,NA,Ferruginibacter ,2.1079552254489093,4.157969915221591e-9
Terephthalate,Verrucomicrobiota,Verrucomicrobiae,Chthoniobacterales,Chthoniobacteraceae,LD29,NA,LD29 ,-2.634781654831135,2.4923338901836377e-18
Terephthalamide+Controls,Proteobacteria,Gammaproteobacteria,Salinisphaerales,Solimonadaceae,NA,NA,Unclassified Organism,2.484931544553445,5.383568426252603e-11
Terephthalamide+Controls,Proteobacteria,Gammaproteobacteria,Burkholderiales,Comamonadaceae,Hydrogenophaga,NA,Hydrogenophaga ,2.1356440711522415,7.797074611210636e-9
Terephthalamide+Controls,Proteobacteria,Alphaproteobacteria,Sphingomonadales,Sphingomonadaceae,Sphingomonas,NA,Sphingomonas ,2.3260474155872934,1.7202903832731327e-10
Terephthalamide+Controls,Proteobacteria,Gammaproteobacteria,Burkholderiales,Comamonadaceae,Hydrogenophaga,NA,Hydrogenophaga ,3.522487308407809,3.4514654977902326e-18
Terephthalamide+Controls,Proteobacteria,Alphaproteobacteria,Sphingomonadales,Sphingomonadaceae,Sphingomonas,NA,Sphingomonas ,2.5634966021907126,6.960716540433839e-12
Terephthalate,Verrucomicrobiota,Verrucomicrobiae,Chthoniobacterales,Chthoniobacteraceae,LD29,NA,LD29 ,-2.214461371866031,9.60153210577956e-14
Terephthalamide+Controls,Proteobacteria,Gammaproteobacteria,Xanthomonadales,Rhodanobacteraceae,Rhodanobacter,NA,Rhodanobacter ,2.141516590075225,4.341051984690313e-9
Terephthalate,Firmicutes,Bacilli,Paenibacillales,Paenibacillaceae,Paenibacillus,populi,Paenibacillus populi,-2.9640679717788823,4.1572230503824e-22
Terephthalamide+Controls,Proteobacteria,Gammaproteobacteria,Xanthomonadales,Xanthomonadaceae,Arenimonas,NA,Arenimonas ,2.622261839626226,3.7096956002373165e-12
Terephthalate,Proteobacteria,Alphaproteobacteria,Rhizobiales,Rhizobiales Incertae Sedis,Bauldia,NA,Bauldia ,-2.748819849447063,6.217169172128924e-14
Terephthalate,Proteobacteria,Alphaproteobacteria,Rhodobacterales,Rhodobacteraceae,Rhodobacter,blasticus,Rhodobacter blasticus,-2.5140143345049526,1.5147466092389344e-12
Terephthalamide+Controls,Proteobacteria,Gammaproteobacteria,Burkholderiales,Nitrosomonadaceae,Nitrosomonas,nitrosa,Nitrosomonas nitrosa,2.515821956384534,7.982156953082677e-12
Terephthalamide+Controls,Bacteroidota,Bacteroidia,Chitinophagales,Saprospiraceae,NA,NA,Unclassified Organism,2.4918046742903157,3.1572502299271655e-11
Terephthalamide+Controls,Gemmatimonadota,Gemmatimonadetes,Gemmatimonadales,Gemmatimonadaceae,Gemmatimonas,NA,Gemmatimonas ,2.8081951697437075,3.8879475891758505e-13
Terephthalamide+Controls,Proteobacteria,Gammaproteobacteria,Xanthomonadales,Xanthomonadaceae,Lysobacter,NA,Lysobacter ,2.877979286777407,5.590842961584384e-14
Terephthalate,Bacteroidota,Rhodothermia,Balneolales,Balneolaceae,CK06-06-Mud-MAS4B-21,NA,CK06-06-Mud-MAS4B-21 ,-2.367995506480393,3.218466182108751e-16
Terephthalate,Firmicutes,Bacilli,Paenibacillales,Paenibacillaceae,Ammoniphilus,NA,Ammoniphilus ,-2.421917720443808,4.478324029375431e-17
Terephthalate,Proteobacteria,Alphaproteobacteria,Acetobacterales,Acetobacteraceae,Roseomonas,frigidaquae,Roseomonas frigidaquae,-3.233101592810473,5.665903625141131e-27
Terephthalamide+Controls,Proteobacteria,Alphaproteobacteria,Sphingomonadales,Sphingomonadaceae,Novosphingobium,NA,Novosphingobium ,2.0709877109082395,1.0592508788568271e-8
Terephthalamide+Controls,Proteobacteria,Alphaproteobacteria,Rhizobiales,Rhizobiaceae,Allorhizobium-Neorhizobium-Pararhizobium-Rhizobium,NA,Allorhizobium-Neorhizobium-Pararhizobium-Rhizobium ,2.808112754465016,2.3248160200443523e-13
Terephthalamide+Controls,Proteobacteria,Alphaproteobacteria,Caulobacterales,Caulobacteraceae,Brevundimonas,subvibrioides,Brevundimonas subvibrioides,2.026383344664375,1.297790371494306e-8
Terephthalamide+Controls,Proteobacteria,Alphaproteobacteria,Sphingomonadales,Sphingomonadaceae,Parablastomonas,NA,Parablastomonas ,2.088332689058113,1.3438581403194614e-8
Terephthalamide+Controls,Bacteroidota,Bacteroidia,Chitinophagales,Chitinophagaceae,NA,NA,Unclassified Organism,2.6979550572779827,2.2035170890841076e-12
Terephthalamide+Controls,Planctomycetota,Planctomycetes,Planctomycetales,Schlesneriaceae,Planctopirus,NA,Planctopirus ,2.19846291032915,2.7412029664669497e-10
Terephthalamide+Controls,Proteobacteria,Alphaproteobacteria,Rhizobiales,Methyloligellaceae,NA,NA,Unclassified Organism,2.1446926648374043,3.2706855375320735e-9
Terephthalamide+Controls,Proteobacteria,Alphaproteobacteria,Rhizobiales,Devosiaceae,NA,NA,Unclassified Organism,2.3164474917126388,4.057387967573089e-10
Terephthalate,Firmicutes,Bacilli,Paenibacillales,Paenibacillaceae,Paenibacillus,NA,Paenibacillus ,-2.268219942044768,2.3820373274759264e-13
Terephthalamide+Controls,Actinobacteriota,Actinobacteria,Frankiales,Geodermatophilaceae,Blastococcus,aggregatus,Blastococcus aggregatus,2.592676693596617,6.374093451374133e-12
Terephthalamide+Controls,Actinobacteriota,Actinobacteria,Frankiales,Sporichthyaceae,Longivirga,NA,Longivirga ,2.162862429668326,7.331613183417101e-9
Terephthalamide+Controls,Proteobacteria,Gammaproteobacteria,Xanthomonadales,Xanthomonadaceae,Arenimonas,NA,Arenimonas ,2.6866236473317424,7.628161084211325e-13
Terephthalamide+Controls,Proteobacteria,Gammaproteobacteria,Xanthomonadales,Xanthomonadaceae,Thermomonas,NA,Thermomonas ,2.834244698813372,6.0381554207684e-14
Terephthalamide+Controls,Bacteroidota,Bacteroidia,Chitinophagales,Chitinophagaceae,Flavihumibacter,NA,Flavihumibacter ,2.0292937221775684,1.067913930599763e-8
Terephthalamide+Controls,Verrucomicrobiota,Verrucomicrobiae,Opitutales,Opitutaceae,Lacunisphaera,NA,Lacunisphaera ,2.515158170011852,5.9583693901213085e-12
Terephthalamide+Controls,Gemmatimonadota,Gemmatimonadetes,Gemmatimonadales,Gemmatimonadaceae,NA,NA,Unclassified Organism,2.2557192234860053,6.166432041191704e-10
Terephthalamide+Controls,Proteobacteria,Gammaproteobacteria,Burkholderiales,Nitrosomonadaceae,Nitrosomonas,ureae,Nitrosomonas ureae,2.534387664710659,8.931504147040362e-12
Terephthalamide+Controls,Proteobacteria,Gammaproteobacteria,Burkholderiales,Nitrosomonadaceae,Nitrosomonas,ureae,Nitrosomonas ureae,2.253716881733461,2.0134119604489374e-9
Terephthalamide+Controls,Proteobacteria,Alphaproteobacteria,Caulobacterales,Hyphomonadaceae,SWB02,NA,SWB02 ,2.8406159528851003,6.754558045548251e-14
Terephthalamide+Controls,Bacteroidota,Bacteroidia,Chitinophagales,Chitinophagaceae,Flavihumibacter,NA,Flavihumibacter ,2.7979146384328044,2.1030177420890503e-13
Terephthalate,Proteobacteria,Alphaproteobacteria,Rhizobiales,Rhizobiaceae,Aminobacter,NA,Aminobacter ,-2.237703913050125,6.760620203406446e-15
Terephthalamide+Controls,Planctomycetota,Planctomycetes,Pirellulales,Pirellulaceae,Pir4 lineage,NA,Pir4 lineage ,2.336267373678283,7.531816869666654e-11
Terephthalamide+Controls,Actinobacteriota,Actinobacteria,Frankiales,Sporichthyaceae,Longivirga,NA,Longivirga ,2.347681781046479,1.7391929715568326e-10
Terephthalate,Proteobacteria,Alphaproteobacteria,Rhizobiales,Rhizobiaceae,Shinella,NA,Shinella ,-2.3170367656762316,5.932038661148535e-16
Terephthalamide+Controls,Proteobacteria,Alphaproteobacteria,Caulobacterales,Hyphomonadaceae,SWB02,NA,SWB02 ,2.041117668757457,2.561349153157419e-9
Terephthalamide+Controls,Proteobacteria,Alphaproteobacteria,Caulobacterales,Hyphomonadaceae,SWB02,NA,SWB02 ,2.4584607277040273,1.9744295259489136e-11
Terephthalamide+Controls,Proteobacteria,Gammaproteobacteria,Burkholderiales,Rhodocyclaceae,Ferribacterium,NA,Ferribacterium ,2.085457828223661,6.52264757246612e-9
Terephthalamide+Controls,Bacteroidota,Bacteroidia,Chitinophagales,Chitinophagaceae,Parasegetibacter,luojiensis,Parasegetibacter luojiensis,2.467351230357017,2.510098735975904e-11
Terephthalamide+Controls,Proteobacteria,Alphaproteobacteria,Caulobacterales,Caulobacteraceae,Caulobacter,daechungensis,Caulobacter daechungensis,2.77810981702199,2.864916290331935e-13
Terephthalamide+Controls,Proteobacteria,Alphaproteobacteria,Rhizobiales,Xanthobacteraceae,Bradyrhizobium,NA,Bradyrhizobium ,2.0650487925514054,8.467112288852074e-9
Terephthalamide+Controls,Firmicutes,Clostridia,Clostridiales,Clostridiaceae,Clostridium sensu stricto 13,estertheticum,Clostridium sensu stricto 13 estertheticum,2.645715981366776,9.998741336775147e-14
Terephthalate,Proteobacteria,Alphaproteobacteria,Sphingomonadales,Sphingomonadaceae,Ellin6055,NA,Ellin6055 ,-3.0089381379599045,2.321065096174635e-22
Terephthalate,Verrucomicrobiota,Verrucomicrobiae,Verrucomicrobiales,Rubritaleaceae,Luteolibacter,NA,Luteolibacter ,-2.217172870286998,5.458853889672551e-15
Terephthalamide+Controls,Proteobacteria,Alphaproteobacteria,Rhizobiales,Rhizobiales Incertae Sedis,NA,NA,Unclassified Organism,2.26364474636698,1.8541647955968372e-10
Terephthalate,Proteobacteria,Alphaproteobacteria,Paracaedibacterales,Paracaedibacteraceae,Candidatus Paracaedibacter,NA,Candidatus Paracaedibacter ,-2.4156908290182324,9.03788561770585e-17
Terephthalamide+Controls,Actinobacteriota,Actinobacteria,Frankiales,Sporichthyaceae,Longivirga,NA,Longivirga ,2.3623419508100993,1.1607008918752926e-10
Terephthalamide+Controls,Proteobacteria,Alphaproteobacteria,Rhizobiales,Beijerinckiaceae,Methylocystis,NA,Methylocystis ,2.2665258203379612,6.135127111754019e-10
Terephthalate,Bacteroidota,Bacteroidia,Sphingobacteriales,Sphingobacteriaceae,Parapedobacter,NA,Parapedobacter ,-2.674183794372164,2.373084082083916e-19
Terephthalamide+Controls,Proteobacteria,Gammaproteobacteria,Burkholderiales,Comamonadaceae,NA,NA,Unclassified Organism,2.422316204141313,6.805225918945139e-11
Terephthalate,Proteobacteria,Alphaproteobacteria,Rhizobiales,Devosiaceae,Devosia,NA,Devosia ,-2.079759742170479,8.246009052025215e-11
Terephthalate,Proteobacteria,Alphaproteobacteria,Rhizobiales,Rhizobiaceae,Hoeflea,NA,Hoeflea ,-2.1812958530249285,4.452369043833353e-13
Terephthalamide+Controls,Proteobacteria,Gammaproteobacteria,Xanthomonadales,Xanthomonadaceae,Arenimonas,NA,Arenimonas ,2.2042453281730716,1.6517238241921565e-9
Terephthalamide+Controls,Proteobacteria,Gammaproteobacteria,Xanthomonadales,Xanthomonadaceae,Lysobacter,NA,Lysobacter ,2.569430939749848,2.083212711847413e-11
Terephthalamide+Controls,Proteobacteria,Alphaproteobacteria,Rhizobiales,Rhizobiales Incertae Sedis,Bauldia,NA,Bauldia ,2.1390737424776822,1.556215336684918e-9
Terephthalamide+Controls,Proteobacteria,Alphaproteobacteria,Rhizobiales,Hyphomicrobiaceae,Hyphomicrobium,NA,Hyphomicrobium ,2.3427205847701287,1.585127076144513e-10
Terephthalamide+Controls,Proteobacteria,Alphaproteobacteria,Reyranellales,Reyranellaceae,Reyranella,NA,Reyranella ,2.2066420398254945,4.76234666645067e-10
Terephthalamide+Controls,Proteobacteria,Alphaproteobacteria,Rhizobiales,Devosiaceae,Arsenicitalea,NA,Arsenicitalea ,2.563719766932533,6.319136027480917e-12
Terephthalamide+Controls,Proteobacteria,Alphaproteobacteria,Reyranellales,Reyranellaceae,NA,NA,Unclassified Organism,2.7926915485006547,1.2360895700793636e-13
Terephthalamide+Controls,Gemmatimonadota,Gemmatimonadetes,Gemmatimonadales,Gemmatimonadaceae,NA,NA,Unclassified Organism,2.5000849393680484,1.2659949682128494e-11
Terephthalamide+Controls,Gemmatimonadota,Gemmatimonadetes,Gemmatimonadales,Gemmatimonadaceae,NA,NA,Unclassified Organism,2.1133682963389937,3.0125208968642416e-9
Terephthalamide+Controls,Proteobacteria,Alphaproteobacteria,Sphingomonadales,Sphingomonadaceae,Novosphingobium,NA,Novosphingobium ,2.1472958142551835,1.665346408900476e-9
Terephthalamide+Controls,Proteobacteria,Alphaproteobacteria,Reyranellales,Reyranellaceae,Reyranella,NA,Reyranella ,2.296298448839247,5.240757973754335e-11
Terephthalamide+Controls,Proteobacteria,Alphaproteobacteria,Rhizobiales,Rhizobiales Incertae Sedis,NA,NA,Unclassified Organism,2.070904504755925,1.8501876286951162e-9
Terephthalamide+Controls,Proteobacteria,Gammaproteobacteria,Burkholderiales,Sutterellaceae,NA,NA,Unclassified Organism,2.096748440858047,3.1268088557338724e-9
Terephthalamide+Controls,Actinobacteriota,Thermoleophilia,Solirubrobacterales,67-14,NA,NA,Unclassified Organism,2.1584268513110985,8.583134775752083e-10
Terephthalate,Proteobacteria,Alphaproteobacteria,Rhodobacterales,Rhodobacteraceae,Seohaeicola,NA,Seohaeicola ,-2.1271881535171078,4.799928760804974e-13
Terephthalamide+Controls,Proteobacteria,Gammaproteobacteria,Xanthomonadales,Xanthomonadaceae,Lysobacter,NA,Lysobacter ,2.16297817497536,2.2534129625371415e-9
Terephthalate,Actinobacteriota,Acidimicrobiia,Microtrichales,Microtrichaceae,IMCC26207,NA,IMCC26207 ,-2.4458552607719763,6.883895120947011e-15
Terephthalamide+Controls,Bacteroidota,Bacteroidia,Chitinophagales,Chitinophagaceae,Dinghuibacter,NA,Dinghuibacter ,2.1107430437981525,2.0289186608021206e-9
Terephthalamide+Controls,Proteobacteria,Gammaproteobacteria,Burkholderiales,Comamonadaceae,NA,NA,Unclassified Organism,2.3852039910654446,1.0073782691245319e-10
Terephthalate,Proteobacteria,Alphaproteobacteria,Rhizobiales,Rhizobiaceae,Mesorhizobium,NA,Mesorhizobium ,-2.0026549134390197,2.5528191951768164e-12
Terephthalate,Proteobacteria,Alphaproteobacteria,Caulobacterales,Hyphomonadaceae,SWB02,NA,SWB02 ,-2.642534899642865,1.0528190403020908e-18
Terephthalate,Proteobacteria,Alphaproteobacteria,Rhizobiales,Kaistiaceae,Kaistia,NA,Kaistia ,-2.6182668443627053,1.8071091477489737e-18
Terephthalate,Proteobacteria,Alphaproteobacteria,Parvibaculales,Parvibaculaceae,Parvibaculum,NA,Parvibaculum ,-2.0543481753592516,2.3454068810491916e-13
Terephthalamide+Controls,Proteobacteria,Gammaproteobacteria,Steroidobacterales,Steroidobacteraceae,Steroidobacter,NA,Steroidobacter ,2.090795599213858,3.2526200406350804e-9
Terephthalamide+Controls,Proteobacteria,Gammaproteobacteria,Burkholderiales,SC-I-84,NA,NA,Unclassified Organism,2.068078194460114,4.8918500684008555e-9
Terephthalate,Bacteroidota,Bacteroidia,Cytophagales,Hymenobacteraceae,Adhaeribacter,terreus,Adhaeribacter terreus,-2.0243287670816863,1.0713146566025361e-13
